C:\Users\xan37\Downloads\tip_omega_0_Emax_0_IC2_mask3_498ms.csv,2,0.4930305480957031
C:\Users\xan37\Downloads\tip_omega_0_Emax_0_IC2_mask2_498ms.csv,0,0.4892539978027344
C:\Users\xan37\Downloads\tip_omega_0_Emax_0_IC2_mask1_498ms.csv,2,0.4930305480957031
C:\Users\xan37\Downloads\tip_omega_0_Emax_0_IC2_mask1_350ms.csv,1,0.6646652221679688
C:\Users\xan37\Downloads\tip_omega_0_Emax_0_IC2_mask1_149ms.csv,3,0.5231552124023438
C:\Users\xan37\Downloads\tip_omega_0_Emax_0_IC1_mask2_498ms.csv,0,0.4838066101074219
C:\Users\xan37\Downloads\tip_omega_0_Emax_0_IC1_mask2_350ms.csv,1,0.5237159729003906
C:\Users\xan37\Downloads\tip_omega_0_Emax_0_IC1_mask2_149ms.csv,0,0.19367218017578125
C:\Users\xan37\Downloads\tip_omega_0_Emax_0_IC2_mask4_498ms.csv,0,0.06620407104492188
C:\Users\xan37\Downloads\tip_omega_0_Emax_0_IC2_mask5_498ms.csv,4,0.4334259033203125
C:\Users\xan37\Downloads\tip_omega_0_Emax_0_IC3_mask1_498ms.csv,7,0.45400238037109375
C:\Users\xan37\Downloads\tip_omega_0_Emax_0_IC3_mask2_498ms.csv,2,0.4191398620605469
C:\Users\xan37\Downloads\tip_omega_0_Emax_0_IC3_mask3_498ms.csv,2,0.5328636169433594
C:\Users\xan37\Downloads\tip_omega_0_Emax_0_IC3_mask4_498ms.csv,2,0.5315780639648438
C:\Users\xan37\Downloads\tip_omega_0_Emax_0_IC3_mask5_498ms.csv,3,0.43733978271484375
C:\Users\xan37\Downloads\tip_omega_0_Emax_0_IC4_mask1_498ms.csv,5,0.3450775146484375
C:\Users\xan37\Downloads\tip_omega_0_Emax_0_IC4_mask2_498ms.csv,0,0.0
C:\Users\xan37\Downloads\tip_omega_0_Emax_0_IC4_mask3_498ms.csv,4,0.42034149169921875
C:\Users\xan37\Downloads\tip_omega_0_Emax_0_IC4_mask4_498ms.csv,2,0.6941413879394531
C:\Users\xan37\Downloads\tip_omega_0_Emax_0_IC4_mask5_498ms.csv,9,0.5394744873046875
C:\Users\xan37\Downloads\tip_omega_0_Emax_0_IC5_mask1_498ms.csv,5,0.6273651123046875
C:\Users\xan37\Downloads\tip_omega_0_Emax_0_IC5_mask2_498ms.csv,3,0.5992393493652344
C:\Users\xan37\Downloads\tip_omega_0_Emax_0_IC5_mask3_498ms.csv,7,0.6383132934570312
C:\Users\xan37\Downloads\tip_omega_0_Emax_0_IC5_mask4_498ms.csv,3,0.5964202880859375
C:\Users\xan37\Downloads\tip_omega_0_Emax_0_IC5_mask5_498ms.csv,5,0.5037498474121094
C:\Users\xan37\Downloads\tip_omega_0_Emax_0_IC6_mask1_498ms.csv,1,0.464508056640625
C:\Users\xan37\Downloads\tip_omega_0_Emax_0_IC6_mask2_498ms.csv,2,0.27651214599609375
C:\Users\xan37\Downloads\tip_omega_0_Emax_0_IC6_mask3_498ms.csv,4,0.48974609375
C:\Users\xan37\Downloads\tip_omega_0_Emax_0_IC6_mask4_498ms.csv,1,0.6326179504394531
C:\Users\xan37\Downloads\tip_omega_0_Emax_0_IC6_mask5_498ms.csv,2,0.5991401672363281
C:\Users\xan37\Downloads\tip_omega_0_Emax_0_IC7_mask1_498ms.csv,3,0.4052734375
C:\Users\xan37\Downloads\tip_omega_0_Emax_0_IC7_mask2_498ms.csv,0,0.641815185546875
C:\Users\xan37\Downloads\tip_omega_0_Emax_0_IC7_mask3_498ms.csv,0,0.5145454406738281
C:\Users\xan37\Downloads\tip_omega_0_Emax_0_IC7_mask4_498ms.csv,0,0.5321159362792969
C:\Users\xan37\Downloads\tip_omega_0_Emax_0_IC7_mask5_498ms.csv,1,0.6829986572265625
C:\Users\xan37\Downloads\tip_omega_0_Emax_0_IC8_mask1_498ms.csv,3,0.4381599426269531
C:\Users\xan37\Downloads\tip_omega_0_Emax_0_IC8_mask2_498ms.csv,3,0.48600006103515625
C:\Users\xan37\Downloads\tip_omega_0_Emax_0_IC8_mask3_498ms.csv,3,0.5740165710449219
C:\Users\xan37\Downloads\tip_omega_0_Emax_0_IC8_mask4_498ms.csv,3,0.4900398254394531
C:\Users\xan37\Downloads\tip_omega_0_Emax_0_IC8_mask5_498ms.csv,1,0.4794044494628906
C:\Users\xan37\Downloads\tip_omega_0_Emax_40_IC1_mask1_498ms.csv,0,0.005756378173828125
C:\Users\xan37\Downloads\tip_omega_0_Emax_40_IC1_mask2_498ms.csv,0,0.00579833984375
C:\Users\xan37\Downloads\tip_omega_0_Emax_40_IC1_mask3_498ms.csv,0,0.0066986083984375
C:\Users\xan37\Downloads\tip_omega_0_Emax_40_IC1_mask4_498ms.csv,2,0.3830413818359375
C:\Users\xan37\Downloads\tip_omega_0_Emax_40_IC1_mask5_498ms.csv,1,0.3443145751953125
C:\Users\xan37\Downloads\tip_omega_0_Emax_40_IC2_mask1_498ms.csv,1,0.5690498352050781
C:\Users\xan37\Downloads\tip_omega_0_Emax_40_IC2_mask2_498ms.csv,4,0.6018447875976562
C:\Users\xan37\Downloads\tip_omega_0_Emax_40_IC2_mask3_498ms.csv,6,0.48895263671875
C:\Users\xan37\Downloads\tip_omega_0_Emax_40_IC2_mask4_498ms.csv,2,0.4343910217285156
C:\Users\xan37\Downloads\tip_omega_0_Emax_40_IC2_mask5_498ms.csv,4,0.6152267456054688
C:\Users\xan37\Downloads\tip_omega_0_Emax_40_IC3_mask1_498ms.csv,1,0.4492683410644531
C:\Users\xan37\Downloads\tip_omega_0_Emax_40_IC3_mask2_498ms.csv,4,0.6092681884765625
C:\Users\xan37\Downloads\tip_omega_0_Emax_40_IC3_mask3_498ms.csv,4,0.23480606079101562
C:\Users\xan37\Downloads\tip_omega_0_Emax_40_IC3_mask4_498ms.csv,6,0.4251708984375
C:\Users\xan37\Downloads\tip_omega_0_Emax_40_IC3_mask5_498ms.csv,0,0.0
C:\Users\xan37\Downloads\tip_omega_0_Emax_40_IC4_mask1_498ms.csv,1,0.09193801879882812
C:\Users\xan37\Downloads\tip_omega_0_Emax_40_IC4_mask2_498ms.csv,9,0.43651580810546875
C:\Users\xan37\Downloads\tip_omega_0_Emax_40_IC4_mask3_498ms.csv,3,0.6015243530273438
C:\Users\xan37\Downloads\tip_omega_0_Emax_40_IC4_mask4_498ms.csv,4,0.6140670776367188
C:\Users\xan37\Downloads\tip_omega_0_Emax_40_IC4_mask5_498ms.csv,1,0.22270584106445312
C:\Users\xan37\Downloads\tip_omega_0_Emax_40_IC5_mask1_498ms.csv,1,0.339447021484375
C:\Users\xan37\Downloads\tip_omega_0_Emax_40_IC5_mask2_498ms.csv,1,0.5948753356933594
C:\Users\xan37\Downloads\tip_omega_0_Emax_40_IC5_mask3_498ms.csv,2,0.45790863037109375
C:\Users\xan37\Downloads\tip_omega_0_Emax_40_IC5_mask4_498ms.csv,1,0.5691757202148438
C:\Users\xan37\Downloads\tip_omega_0_Emax_40_IC5_mask5_498ms.csv,5,0.37531280517578125
C:\Users\xan37\Downloads\tip_omega_0_Emax_40_IC6_mask1_498ms.csv,0,0.002300262451171875
C:\Users\xan37\Downloads\tip_omega_0_Emax_40_IC6_mask2_498ms.csv,7,0.4315757751464844
C:\Users\xan37\Downloads\tip_omega_0_Emax_40_IC6_mask3_498ms.csv,0,0.0032501220703125
C:\Users\xan37\Downloads\tip_omega_0_Emax_40_IC6_mask4_498ms.csv,0,0.003376007080078125
C:\Users\xan37\Downloads\tip_omega_0_Emax_40_IC6_mask5_498ms.csv,5,0.5068473815917969
C:\Users\xan37\Downloads\tip_omega_0_Emax_40_IC7_mask1_498ms.csv,13,0.4304084777832031
C:\Users\xan37\Downloads\tip_omega_0_Emax_40_IC7_mask2_498ms.csv,8,0.5365562438964844
C:\Users\xan37\Downloads\tip_omega_0_Emax_40_IC7_mask3_498ms.csv,7,0.5517234802246094
C:\Users\xan37\Downloads\tip_omega_0_Emax_40_IC7_mask4_498ms.csv,2,0.4944305419921875
C:\Users\xan37\Downloads\tip_omega_0_Emax_40_IC7_mask5_498ms.csv,5,0.513824462890625
C:\Users\xan37\Downloads\tip_omega_0_Emax_40_IC8_mask1_498ms.csv,1,0.536651611328125
C:\Users\xan37\Downloads\tip_omega_0_Emax_40_IC8_mask2_498ms.csv,5,0.5518341064453125
C:\Users\xan37\Downloads\tip_omega_0_Emax_40_IC8_mask3_498ms.csv,1,0.4160919189453125
C:\Users\xan37\Downloads\tip_omega_0_Emax_40_IC8_mask4_498ms.csv,5,0.4251365661621094
C:\Users\xan37\Downloads\tip_omega_0_Emax_40_IC8_mask5_498ms.csv,4,0.42850494384765625
C:\Users\xan37\Downloads\tip_omega_0_Emax_80_IC1_mask2_498ms.csv,2,0.5728569030761719
C:\Users\xan37\Downloads\tip_omega_0_Emax_80_IC1_mask3_498ms.csv,3,0.4528541564941406
C:\Users\xan37\Downloads\tip_omega_0_Emax_80_IC1_mask4_498ms.csv,0,0.10215377807617188
C:\Users\xan37\Downloads\tip_omega_0_Emax_80_IC1_mask5_498ms.csv,5,0.4592857360839844
C:\Users\xan37\Downloads\tip_omega_0_Emax_80_IC2_mask2_498ms.csv,8,0.5431060791015625
C:\Users\xan37\Downloads\tip_omega_0_Emax_80_IC2_mask3_498ms.csv,4,0.39824676513671875
C:\Users\xan37\Downloads\tip_omega_0_Emax_80_IC2_mask4_498ms.csv,4,0.4109458923339844
C:\Users\xan37\Downloads\tip_omega_0_Emax_80_IC2_mask5_498ms.csv,3,0.3067588806152344
C:\Users\xan37\Downloads\tip_omega_0_Emax_80_IC3_mask1_498ms.csv,3,0.3091621398925781
C:\Users\xan37\Downloads\tip_omega_0_Emax_80_IC3_mask2_498ms.csv,3,0.6026077270507812
C:\Users\xan37\Downloads\tip_omega_0_Emax_80_IC3_mask3_498ms.csv,6,0.44651031494140625
C:\Users\xan37\Downloads\tip_omega_0_Emax_80_IC3_mask4_498ms.csv,5,0.6476402282714844
C:\Users\xan37\Downloads\tip_omega_0_Emax_80_IC3_mask5_498ms.csv,2,0.3507232666015625
C:\Users\xan37\Downloads\tip_omega_0_Emax_80_IC4_mask1_498ms.csv,3,0.4655799865722656
C:\Users\xan37\Downloads\tip_omega_0_Emax_80_IC4_mask2_498ms.csv,1,0.21171188354492188
C:\Users\xan37\Downloads\tip_omega_0_Emax_80_IC4_mask3_498ms.csv,3,0.3743896484375
C:\Users\xan37\Downloads\tip_omega_0_Emax_80_IC4_mask4_498ms.csv,4,0.4392738342285156
C:\Users\xan37\Downloads\tip_omega_0_Emax_80_IC4_mask5_498ms.csv,1,0.41382598876953125
C:\Users\xan37\Downloads\tip_omega_0_Emax_80_IC5_mask1_498ms.csv,8,0.33428192138671875
C:\Users\xan37\Downloads\tip_omega_0_Emax_80_IC5_mask2_498ms.csv,4,0.5675163269042969
C:\Users\xan37\Downloads\tip_omega_0_Emax_80_IC5_mask3_498ms.csv,5,0.5245628356933594
C:\Users\xan37\Downloads\tip_omega_0_Emax_80_IC5_mask4_498ms.csv,8,0.5960845947265625
C:\Users\xan37\Downloads\tip_omega_0_Emax_80_IC5_mask5_498ms.csv,2,0.4366188049316406
C:\Users\xan37\Downloads\tip_omega_0_Emax_80_IC6_mask1_498ms.csv,0,0.003261566162109375
C:\Users\xan37\Downloads\tip_omega_0_Emax_80_IC6_mask2_498ms.csv,2,0.6609115600585938
C:\Users\xan37\Downloads\tip_omega_0_Emax_80_IC6_mask3_498ms.csv,0,0.0041351318359375
C:\Users\xan37\Downloads\tip_omega_0_Emax_80_IC6_mask4_498ms.csv,0,0.003437042236328125
C:\Users\xan37\Downloads\tip_omega_0_Emax_80_IC6_mask5_498ms.csv,0,0.00489044189453125
C:\Users\xan37\Downloads\tip_omega_0_Emax_80_IC7_mask1_498ms.csv,4,0.4363975524902344
C:\Users\xan37\Downloads\tip_omega_0_Emax_80_IC7_mask2_498ms.csv,2,0.13039398193359375
C:\Users\xan37\Downloads\tip_omega_0_Emax_80_IC7_mask3_498ms.csv,3,0.5126419067382812
C:\Users\xan37\Downloads\tip_omega_0_Emax_80_IC7_mask4_498ms.csv,4,0.5239448547363281
C:\Users\xan37\Downloads\tip_omega_0_Emax_80_IC7_mask5_498ms.csv,5,0.5684661865234375
C:\Users\xan37\Downloads\tip_omega_0_Emax_80_IC8_mask1_498ms.csv,3,0.5695533752441406
C:\Users\xan37\Downloads\tip_omega_0_Emax_80_IC8_mask2_498ms.csv,8,0.4220619201660156
C:\Users\xan37\Downloads\tip_omega_0_Emax_80_IC8_mask3_498ms.csv,0,0.00522613525390625
C:\Users\xan37\Downloads\tip_omega_0_Emax_80_IC8_mask4_498ms.csv,4,0.3657188415527344
C:\Users\xan37\Downloads\tip_omega_0_Emax_80_IC8_mask5_498ms.csv,0,0.004436492919921875
C:\Users\xan37\Downloads\tip_omega_0_Emax_120_IC1_mask1_498ms.csv,9,0.5083274841308594
C:\Users\xan37\Downloads\tip_omega_0_Emax_120_IC1_mask2_498ms.csv,0,0.00626373291015625
C:\Users\xan37\Downloads\tip_omega_0_Emax_120_IC1_mask3_498ms.csv,2,0.14102935791015625
C:\Users\xan37\Downloads\tip_omega_0_Emax_120_IC1_mask4_498ms.csv,0,0.06721115112304688
C:\Users\xan37\Downloads\tip_omega_0_Emax_120_IC1_mask5_498ms.csv,0,0.006103515625
C:\Users\xan37\Downloads\tip_omega_0_Emax_120_IC2_mask1_498ms.csv,1,0.5643844604492188
C:\Users\xan37\Downloads\tip_omega_0_Emax_120_IC2_mask2_498ms.csv,10,0.4521141052246094
C:\Users\xan37\Downloads\tip_omega_0_Emax_120_IC2_mask3_498ms.csv,4,0.3709297180175781
C:\Users\xan37\Downloads\tip_omega_0_Emax_120_IC2_mask4_498ms.csv,9,0.5262298583984375
C:\Users\xan37\Downloads\tip_omega_0_Emax_120_IC2_mask5_498ms.csv,2,0.6154556274414062
C:\Users\xan37\Downloads\tip_omega_0_Emax_120_IC3_mask1_498ms.csv,1,0.5797958374023438
C:\Users\xan37\Downloads\tip_omega_0_Emax_120_IC3_mask2_498ms.csv,3,0.3480796813964844
C:\Users\xan37\Downloads\tip_omega_0_Emax_120_IC3_mask3_498ms.csv,3,0.4138336181640625
C:\Users\xan37\Downloads\tip_omega_0_Emax_120_IC3_mask4_498ms.csv,7,0.6160850524902344
C:\Users\xan37\Downloads\tip_omega_0_Emax_120_IC3_mask5_498ms.csv,0,0.002109527587890625
C:\Users\xan37\Downloads\tip_omega_0_Emax_120_IC4_mask1_498ms.csv,1,0.4183349609375
C:\Users\xan37\Downloads\tip_omega_0_Emax_120_IC4_mask2_498ms.csv,10,0.3977508544921875
C:\Users\xan37\Downloads\tip_omega_0_Emax_120_IC4_mask3_498ms.csv,0,0.18964767456054688
C:\Users\xan37\Downloads\tip_omega_0_Emax_120_IC4_mask4_498ms.csv,3,0.4895133972167969
C:\Users\xan37\Downloads\tip_omega_0_Emax_120_IC4_mask5_498ms.csv,2,0.3411521911621094
C:\Users\xan37\Downloads\tip_omega_0_Emax_120_IC5_mask1_498ms.csv,0,0.002056121826171875
C:\Users\xan37\Downloads\tip_omega_0_Emax_120_IC5_mask2_498ms.csv,7,0.5378990173339844
C:\Users\xan37\Downloads\tip_omega_0_Emax_120_IC5_mask3_498ms.csv,0,0.002704620361328125
C:\Users\xan37\Downloads\tip_omega_0_Emax_120_IC5_mask4_498ms.csv,0,0.0020751953125
C:\Users\xan37\Downloads\tip_omega_0_Emax_120_IC5_mask5_498ms.csv,0,0.003238677978515625
C:\Users\xan37\Downloads\tip_omega_0_Emax_120_IC6_mask1_498ms.csv,0,0.003376007080078125
C:\Users\xan37\Downloads\tip_omega_0_Emax_120_IC6_mask2_498ms.csv,0,0.00383758544921875
C:\Users\xan37\Downloads\tip_omega_0_Emax_120_IC6_mask3_498ms.csv,5,0.6380043029785156
C:\Users\xan37\Downloads\tip_omega_0_Emax_120_IC6_mask4_498ms.csv,0,0.5436019897460938
C:\Users\xan37\Downloads\tip_omega_0_Emax_120_IC6_mask5_498ms.csv,0,0.0056610107421875
C:\Users\xan37\Downloads\tip_omega_0_Emax_120_IC7_mask1_498ms.csv,2,0.21605682373046875
C:\Users\xan37\Downloads\tip_omega_0_Emax_120_IC7_mask2_498ms.csv,0,0.0
C:\Users\xan37\Downloads\tip_omega_0_Emax_120_IC7_mask3_498ms.csv,8,0.58428955078125
C:\Users\xan37\Downloads\tip_omega_0_Emax_120_IC7_mask4_498ms.csv,3,0.5946159362792969
C:\Users\xan37\Downloads\tip_omega_0_Emax_120_IC7_mask5_498ms.csv,5,0.5878143310546875
C:\Users\xan37\Downloads\tip_omega_0_Emax_120_IC8_mask1_498ms.csv,0,0.0048370361328125
C:\Users\xan37\Downloads\tip_omega_0_Emax_120_IC8_mask2_498ms.csv,5,0.4795379638671875
C:\Users\xan37\Downloads\tip_omega_0_Emax_120_IC8_mask3_498ms.csv,5,0.5625076293945312
C:\Users\xan37\Downloads\tip_omega_0_Emax_120_IC8_mask4_498ms.csv,9,0.4984245300292969
C:\Users\xan37\Downloads\tip_omega_0_Emax_120_IC8_mask5_498ms.csv,0,0.0060577392578125
C:\Users\xan37\Downloads\tip_omega_0_Emax_160_IC1_mask2_498ms.csv,0,0.0055084228515625
C:\Users\xan37\Downloads\tip_omega_0_Emax_160_IC1_mask3_498ms.csv,0,0.4926643371582031
C:\Users\xan37\Downloads\tip_omega_0_Emax_160_IC1_mask4_498ms.csv,1,0.3815460205078125
C:\Users\xan37\Downloads\tip_omega_0_Emax_160_IC1_mask5_498ms.csv,2,0.4675445556640625
C:\Users\xan37\Downloads\tip_omega_0_Emax_160_IC2_mask2_498ms.csv,0,0.17022323608398438
C:\Users\xan37\Downloads\tip_omega_0_Emax_160_IC2_mask3_498ms.csv,8,0.4627647399902344
C:\Users\xan37\Downloads\tip_omega_0_Emax_160_IC2_mask4_498ms.csv,4,0.5203170776367188
C:\Users\xan37\Downloads\tip_omega_0_Emax_160_IC2_mask5_498ms.csv,5,0.5473709106445312
C:\Users\xan37\Downloads\tip_omega_0_Emax_160_IC3_mask1_498ms.csv,3,0.4455680847167969
C:\Users\xan37\Downloads\tip_omega_0_Emax_160_IC3_mask2_498ms.csv,1,0.5045623779296875
C:\Users\xan37\Downloads\tip_omega_0_Emax_160_IC3_mask3_498ms.csv,2,0.5551109313964844
C:\Users\xan37\Downloads\tip_omega_0_Emax_160_IC3_mask4_498ms.csv,4,0.5532264709472656
C:\Users\xan37\Downloads\tip_omega_0_Emax_160_IC3_mask5_498ms.csv,7,0.5173988342285156
C:\Users\xan37\Downloads\tip_omega_0_Emax_160_IC4_mask1_498ms.csv,2,0.46932220458984375
C:\Users\xan37\Downloads\tip_omega_0_Emax_160_IC4_mask2_498ms.csv,8,0.40457916259765625
C:\Users\xan37\Downloads\tip_omega_0_Emax_160_IC4_mask3_498ms.csv,0,0.0056915283203125
C:\Users\xan37\Downloads\tip_omega_0_Emax_160_IC4_mask4_498ms.csv,0,0.004238128662109375
C:\Users\xan37\Downloads\tip_omega_0_Emax_160_IC4_mask5_498ms.csv,4,0.6197776794433594
C:\Users\xan37\Downloads\tip_omega_0_Emax_160_IC5_mask1_498ms.csv,8,0.4655723571777344
C:\Users\xan37\Downloads\tip_omega_0_Emax_160_IC5_mask2_498ms.csv,0,0.5706672668457031
C:\Users\xan37\Downloads\tip_omega_0_Emax_160_IC5_mask3_498ms.csv,2,0.4076347351074219
C:\Users\xan37\Downloads\tip_omega_0_Emax_160_IC5_mask4_498ms.csv,6,0.6192131042480469
C:\Users\xan37\Downloads\tip_omega_0_Emax_160_IC5_mask5_498ms.csv,0,0.003467559814453125
C:\Users\xan37\Downloads\tip_omega_0_Emax_160_IC6_mask1_498ms.csv,2,0.3982124328613281
C:\Users\xan37\Downloads\tip_omega_0_Emax_160_IC6_mask2_498ms.csv,0,0.14787673950195312
C:\Users\xan37\Downloads\tip_omega_0_Emax_160_IC6_mask3_498ms.csv,1,0.6137237548828125
C:\Users\xan37\Downloads\tip_omega_0_Emax_160_IC6_mask4_498ms.csv,14,0.5888442993164062
C:\Users\xan37\Downloads\tip_omega_0_Emax_160_IC6_mask5_498ms.csv,0,0.006328582763671875
C:\Users\xan37\Downloads\tip_omega_0_Emax_160_IC7_mask1_498ms.csv,9,0.4062652587890625
C:\Users\xan37\Downloads\tip_omega_0_Emax_160_IC7_mask2_498ms.csv,3,0.5398674011230469
C:\Users\xan37\Downloads\tip_omega_0_Emax_160_IC7_mask3_498ms.csv,2,0.4919242858886719
C:\Users\xan37\Downloads\tip_omega_0_Emax_160_IC7_mask4_498ms.csv,4,0.3079948425292969
C:\Users\xan37\Downloads\tip_omega_0_Emax_160_IC7_mask5_498ms.csv,3,0.5808372497558594
C:\Users\xan37\Downloads\tip_omega_0_Emax_160_IC8_mask1_498ms.csv,5,0.6264305114746094
C:\Users\xan37\Downloads\tip_omega_0_Emax_160_IC8_mask2_498ms.csv,2,0.6152267456054688
C:\Users\xan37\Downloads\tip_omega_0_Emax_160_IC8_mask3_498ms.csv,0,0.006256103515625
C:\Users\xan37\Downloads\tip_omega_0_Emax_160_IC8_mask4_498ms.csv,7,0.47081756591796875
C:\Users\xan37\Downloads\tip_omega_0_Emax_160_IC8_mask5_498ms.csv,0,0.0068359375

C:\Users\xan37\Downloads\tip_omega_50_Emax_40_IC1_mask1_179ms.csv,0,0.13132476806640625
C:\Users\xan37\Downloads\tip_omega_50_Emax_40_IC1_mask2_179ms.csv,0,0.13071823120117188
C:\Users\xan37\Downloads\tip_omega_50_Emax_40_IC1_mask3_179ms.csv,2,0.3685417175292969
C:\Users\xan37\Downloads\tip_omega_50_Emax_40_IC1_mask4_179ms.csv,3,0.3684654235839844
C:\Users\xan37\Downloads\tip_omega_50_Emax_40_IC1_mask5_179ms.csv,2,0.3638763427734375
C:\Users\xan37\Downloads\tip_omega_50_Emax_40_IC2_mask1_179ms.csv,7,0.452056884765625
C:\Users\xan37\Downloads\tip_omega_50_Emax_40_IC2_mask2_179ms.csv,12,0.5084762573242188
C:\Users\xan37\Downloads\tip_omega_50_Emax_40_IC2_mask3_179ms.csv,5,0.4469871520996094
C:\Users\xan37\Downloads\tip_omega_50_Emax_40_IC2_mask4_179ms.csv,5,0.452178955078125
C:\Users\xan37\Downloads\tip_omega_50_Emax_40_IC2_mask5_179ms.csv,6,0.475311279296875
C:\Users\xan37\Downloads\tip_omega_50_Emax_40_IC3_mask1_179ms.csv,8,0.3308677673339844
C:\Users\xan37\Downloads\tip_omega_50_Emax_40_IC3_mask2_179ms.csv,8,0.3419952392578125
C:\Users\xan37\Downloads\tip_omega_50_Emax_40_IC3_mask3_179ms.csv,10,0.3443794250488281
C:\Users\xan37\Downloads\tip_omega_50_Emax_40_IC3_mask4_179ms.csv,6,0.3277626037597656
C:\Users\xan37\Downloads\tip_omega_50_Emax_40_IC3_mask5_179ms.csv,8,0.3282012939453125
C:\Users\xan37\Downloads\tip_omega_50_Emax_40_IC4_mask1_179ms.csv,7,0.4976844787597656
C:\Users\xan37\Downloads\tip_omega_50_Emax_40_IC4_mask2_179ms.csv,8,0.3957405090332031
C:\Users\xan37\Downloads\tip_omega_50_Emax_40_IC4_mask3_179ms.csv,10,0.477752685546875
C:\Users\xan37\Downloads\tip_omega_50_Emax_40_IC4_mask4_179ms.csv,8,0.4694404602050781
C:\Users\xan37\Downloads\tip_omega_50_Emax_40_IC4_mask5_179ms.csv,8,0.42896270751953125
C:\Users\xan37\Downloads\tip_omega_50_Emax_40_IC5_mask1_179ms.csv,5,0.39715576171875
C:\Users\xan37\Downloads\tip_omega_50_Emax_40_IC5_mask2_179ms.csv,4,0.3785400390625
C:\Users\xan37\Downloads\tip_omega_50_Emax_40_IC5_mask3_179ms.csv,3,0.40769195556640625
C:\Users\xan37\Downloads\tip_omega_50_Emax_40_IC5_mask4_179ms.csv,5,0.37066650390625
C:\Users\xan37\Downloads\tip_omega_50_Emax_40_IC5_mask5_179ms.csv,4,0.4358711242675781
C:\Users\xan37\Downloads\tip_omega_50_Emax_40_IC6_mask1_179ms.csv,1,0.342254638671875
C:\Users\xan37\Downloads\tip_omega_50_Emax_40_IC6_mask2_179ms.csv,5,0.4285736083984375
C:\Users\xan37\Downloads\tip_omega_50_Emax_40_IC6_mask3_179ms.csv,1,0.33744049072265625
C:\Users\xan37\Downloads\tip_omega_50_Emax_40_IC6_mask4_179ms.csv,1,0.3570442199707031
C:\Users\xan37\Downloads\tip_omega_50_Emax_40_IC6_mask5_179ms.csv,7,0.3783721923828125
C:\Users\xan37\Downloads\tip_omega_50_Emax_40_IC7_mask1_179ms.csv,5,0.38271331787109375
C:\Users\xan37\Downloads\tip_omega_50_Emax_40_IC7_mask2_179ms.csv,7,0.4235572814941406
C:\Users\xan37\Downloads\tip_omega_50_Emax_40_IC7_mask3_179ms.csv,4,0.36867523193359375
C:\Users\xan37\Downloads\tip_omega_50_Emax_40_IC7_mask4_179ms.csv,4,0.4128684997558594
C:\Users\xan37\Downloads\tip_omega_50_Emax_40_IC7_mask5_179ms.csv,3,0.5039482116699219
C:\Users\xan37\Downloads\tip_omega_50_Emax_40_IC8_mask1_179ms.csv,6,0.5350418090820312
C:\Users\xan37\Downloads\tip_omega_50_Emax_40_IC8_mask2_179ms.csv,12,0.4302177429199219
C:\Users\xan37\Downloads\tip_omega_50_Emax_40_IC8_mask3_179ms.csv,11,0.4521484375
C:\Users\xan37\Downloads\tip_omega_50_Emax_40_IC8_mask4_179ms.csv,10,0.37261199951171875
C:\Users\xan37\Downloads\tip_omega_50_Emax_40_IC8_mask5_179ms.csv,4,0.3938179016113281
C:\Users\xan37\Downloads\tip_omega_100_Emax_40_IC1_mask1_179ms.csv,2,0.3934974670410156
C:\Users\xan37\Downloads\tip_omega_100_Emax_40_IC1_mask2_179ms.csv,0,0.1347198486328125
C:\Users\xan37\Downloads\tip_omega_100_Emax_40_IC1_mask3_179ms.csv,2,0.35668182373046875
C:\Users\xan37\Downloads\tip_omega_100_Emax_40_IC1_mask4_179ms.csv,3,0.40483856201171875
C:\Users\xan37\Downloads\tip_omega_100_Emax_40_IC1_mask5_179ms.csv,2,0.3837165832519531
C:\Users\xan37\Downloads\tip_omega_100_Emax_40_IC2_mask1_179ms.csv,8,0.44537353515625
C:\Users\xan37\Downloads\tip_omega_100_Emax_40_IC2_mask2_179ms.csv,11,0.399871826171875
C:\Users\xan37\Downloads\tip_omega_100_Emax_40_IC2_mask3_179ms.csv,6,0.3852653503417969
C:\Users\xan37\Downloads\tip_omega_100_Emax_40_IC2_mask4_179ms.csv,7,0.5098381042480469
C:\Users\xan37\Downloads\tip_omega_100_Emax_40_IC2_mask5_179ms.csv,8,0.5270347595214844
C:\Users\xan37\Downloads\tip_omega_100_Emax_40_IC3_mask1_179ms.csv,7,0.33887481689453125
C:\Users\xan37\Downloads\tip_omega_100_Emax_40_IC3_mask2_179ms.csv,6,0.3642082214355469
C:\Users\xan37\Downloads\tip_omega_100_Emax_40_IC3_mask3_179ms.csv,9,0.35167694091796875
C:\Users\xan37\Downloads\tip_omega_100_Emax_40_IC3_mask4_179ms.csv,8,0.3358154296875
C:\Users\xan37\Downloads\tip_omega_100_Emax_40_IC3_mask5_179ms.csv,7,0.328094482421875
C:\Users\xan37\Downloads\tip_omega_100_Emax_40_IC4_mask1_179ms.csv,9,0.4784660339355469
C:\Users\xan37\Downloads\tip_omega_100_Emax_40_IC4_mask2_179ms.csv,6,0.3967704772949219
C:\Users\xan37\Downloads\tip_omega_100_Emax_40_IC4_mask3_179ms.csv,10,0.46976470947265625
C:\Users\xan37\Downloads\tip_omega_100_Emax_40_IC4_mask4_179ms.csv,8,0.4648590087890625
C:\Users\xan37\Downloads\tip_omega_100_Emax_40_IC4_mask5_179ms.csv,10,0.4776268005371094
C:\Users\xan37\Downloads\tip_omega_100_Emax_40_IC5_mask1_179ms.csv,6,0.4306602478027344
C:\Users\xan37\Downloads\tip_omega_100_Emax_40_IC5_mask2_179ms.csv,4,0.3689117431640625
C:\Users\xan37\Downloads\tip_omega_100_Emax_40_IC5_mask3_179ms.csv,5,0.411102294921875
C:\Users\xan37\Downloads\tip_omega_100_Emax_40_IC5_mask4_179ms.csv,5,0.3605613708496094
C:\Users\xan37\Downloads\tip_omega_100_Emax_40_IC5_mask5_179ms.csv,6,0.4156036376953125
C:\Users\xan37\Downloads\tip_omega_100_Emax_40_IC6_mask1_179ms.csv,2,0.347930908203125
C:\Users\xan37\Downloads\tip_omega_100_Emax_40_IC6_mask2_179ms.csv,4,0.43520355224609375
C:\Users\xan37\Downloads\tip_omega_100_Emax_40_IC6_mask3_179ms.csv,1,0.3366546630859375
C:\Users\xan37\Downloads\tip_omega_100_Emax_40_IC6_mask4_179ms.csv,4,0.44391632080078125
C:\Users\xan37\Downloads\tip_omega_100_Emax_40_IC6_mask5_179ms.csv,8,0.380279541015625
C:\Users\xan37\Downloads\tip_omega_100_Emax_40_IC7_mask1_179ms.csv,2,0.2505836486816406
C:\Users\xan37\Downloads\tip_omega_100_Emax_40_IC7_mask2_179ms.csv,6,0.3903999328613281
C:\Users\xan37\Downloads\tip_omega_100_Emax_40_IC7_mask3_179ms.csv,7,0.4564361572265625
C:\Users\xan37\Downloads\tip_omega_100_Emax_40_IC7_mask4_179ms.csv,6,0.45807647705078125
C:\Users\xan37\Downloads\tip_omega_100_Emax_40_IC7_mask5_179ms.csv,3,0.5107154846191406
C:\Users\xan37\Downloads\tip_omega_100_Emax_40_IC8_mask1_179ms.csv,9,0.439666748046875
C:\Users\xan37\Downloads\tip_omega_100_Emax_40_IC8_mask2_179ms.csv,9,0.388336181640625
C:\Users\xan37\Downloads\tip_omega_100_Emax_40_IC8_mask3_179ms.csv,10,0.4590721130371094
C:\Users\xan37\Downloads\tip_omega_100_Emax_40_IC8_mask4_179ms.csv,11,0.4566612243652344
C:\Users\xan37\Downloads\tip_omega_100_Emax_40_IC8_mask5_179ms.csv,3,0.35831451416015625
C:\Users\xan37\Downloads\tip_omega_50_Emax_80_IC1_mask1_179ms.csv,10,0.42324066162109375
C:\Users\xan37\Downloads\tip_omega_50_Emax_80_IC1_mask2_179ms.csv,9,0.6066665649414062
C:\Users\xan37\Downloads\tip_omega_50_Emax_80_IC1_mask3_179ms.csv,10,0.6137199401855469
C:\Users\xan37\Downloads\tip_omega_50_Emax_80_IC1_mask4_179ms.csv,5,0.5900039672851562
C:\Users\xan37\Downloads\tip_omega_50_Emax_80_IC1_mask5_179ms.csv,7,0.4801445007324219
C:\Users\xan37\Downloads\tip_omega_50_Emax_80_IC2_mask1_179ms.csv,5,0.283538818359375
C:\Users\xan37\Downloads\tip_omega_50_Emax_80_IC2_mask2_179ms.csv,10,0.3830909729003906
C:\Users\xan37\Downloads\tip_omega_50_Emax_80_IC2_mask3_179ms.csv,3,0.3387565612792969
C:\Users\xan37\Downloads\tip_omega_50_Emax_80_IC2_mask4_179ms.csv,7,0.3351707458496094
C:\Users\xan37\Downloads\tip_omega_50_Emax_80_IC2_mask5_179ms.csv,7,0.3855133056640625
C:\Users\xan37\Downloads\tip_omega_50_Emax_80_IC3_mask1_179ms.csv,11,0.3676567077636719
C:\Users\xan37\Downloads\tip_omega_50_Emax_80_IC3_mask2_179ms.csv,6,0.3699798583984375
C:\Users\xan37\Downloads\tip_omega_50_Emax_80_IC3_mask3_179ms.csv,9,0.3336524963378906
C:\Users\xan37\Downloads\tip_omega_50_Emax_80_IC3_mask4_179ms.csv,6,0.3614349365234375
C:\Users\xan37\Downloads\tip_omega_50_Emax_80_IC3_mask5_179ms.csv,10,0.3322410583496094
C:\Users\xan37\Downloads\tip_omega_50_Emax_80_IC4_mask1_179ms.csv,6,0.40273284912109375
C:\Users\xan37\Downloads\tip_omega_50_Emax_80_IC4_mask2_179ms.csv,5,0.28974151611328125
C:\Users\xan37\Downloads\tip_omega_50_Emax_80_IC4_mask3_179ms.csv,8,0.4180717468261719
C:\Users\xan37\Downloads\tip_omega_50_Emax_80_IC4_mask4_179ms.csv,8,0.376007080078125
C:\Users\xan37\Downloads\tip_omega_50_Emax_80_IC4_mask5_179ms.csv,2,0.23909759521484375
C:\Users\xan37\Downloads\tip_omega_50_Emax_80_IC5_mask1_179ms.csv,3,0.3572235107421875
C:\Users\xan37\Downloads\tip_omega_50_Emax_80_IC5_mask2_179ms.csv,6,0.42865753173828125
C:\Users\xan37\Downloads\tip_omega_50_Emax_80_IC5_mask3_179ms.csv,7,0.4685821533203125
C:\Users\xan37\Downloads\tip_omega_50_Emax_80_IC5_mask4_179ms.csv,2,0.3587150573730469
C:\Users\xan37\Downloads\tip_omega_50_Emax_80_IC5_mask5_179ms.csv,9,0.4660491943359375
C:\Users\xan37\Downloads\tip_omega_50_Emax_80_IC6_mask1_179ms.csv,5,0.4258232116699219
C:\Users\xan37\Downloads\tip_omega_50_Emax_80_IC6_mask2_179ms.csv,5,0.427398681640625
C:\Users\xan37\Downloads\tip_omega_50_Emax_80_IC6_mask3_179ms.csv,2,0.3736763000488281
C:\Users\xan37\Downloads\tip_omega_50_Emax_80_IC6_mask4_179ms.csv,4,0.37595367431640625
C:\Users\xan37\Downloads\tip_omega_50_Emax_80_IC6_mask5_179ms.csv,8,0.4262847900390625
C:\Users\xan37\Downloads\tip_omega_50_Emax_80_IC7_mask1_179ms.csv,7,0.4781990051269531
C:\Users\xan37\Downloads\tip_omega_50_Emax_80_IC7_mask2_179ms.csv,7,0.4039421081542969
C:\Users\xan37\Downloads\tip_omega_50_Emax_80_IC7_mask3_179ms.csv,7,0.4311714172363281
C:\Users\xan37\Downloads\tip_omega_50_Emax_80_IC7_mask4_179ms.csv,6,0.4469337463378906
C:\Users\xan37\Downloads\tip_omega_50_Emax_80_IC7_mask5_179ms.csv,7,0.5080337524414062
C:\Users\xan37\Downloads\tip_omega_50_Emax_80_IC8_mask1_179ms.csv,4,0.3778839111328125
C:\Users\xan37\Downloads\tip_omega_50_Emax_80_IC8_mask2_179ms.csv,8,0.3768424987792969
C:\Users\xan37\Downloads\tip_omega_50_Emax_80_IC8_mask3_179ms.csv,2,0.3846778869628906
C:\Users\xan37\Downloads\tip_omega_50_Emax_80_IC8_mask4_179ms.csv,4,0.2490234375
C:\Users\xan37\Downloads\tip_omega_50_Emax_80_IC8_mask5_179ms.csv,2,0.22325897216796875
C:\Users\xan37\Downloads\tip_omega_100_Emax_80_IC1_mask1_179ms.csv,9,0.4976463317871094
C:\Users\xan37\Downloads\tip_omega_100_Emax_80_IC1_mask2_179ms.csv,9,0.6064796447753906
C:\Users\xan37\Downloads\tip_omega_100_Emax_80_IC1_mask3_179ms.csv,10,0.5822868347167969
C:\Users\xan37\Downloads\tip_omega_100_Emax_80_IC1_mask4_179ms.csv,7,0.6058311462402344
C:\Users\xan37\Downloads\tip_omega_100_Emax_80_IC1_mask5_179ms.csv,10,0.522125244140625
C:\Users\xan37\Downloads\tip_omega_100_Emax_80_IC2_mask1_179ms.csv,4,0.2872581481933594
C:\Users\xan37\Downloads\tip_omega_100_Emax_80_IC2_mask2_179ms.csv,7,0.3752098083496094
C:\Users\xan37\Downloads\tip_omega_100_Emax_80_IC2_mask3_179ms.csv,3,0.3271675109863281
C:\Users\xan37\Downloads\tip_omega_100_Emax_80_IC2_mask4_179ms.csv,7,0.3372039794921875
C:\Users\xan37\Downloads\tip_omega_100_Emax_80_IC2_mask5_179ms.csv,9,0.4109344482421875
C:\Users\xan37\Downloads\tip_omega_100_Emax_80_IC3_mask1_179ms.csv,7,0.3643836975097656
C:\Users\xan37\Downloads\tip_omega_100_Emax_80_IC3_mask2_179ms.csv,2,0.1873626708984375
C:\Users\xan37\Downloads\tip_omega_100_Emax_80_IC3_mask3_179ms.csv,8,0.3751258850097656
C:\Users\xan37\Downloads\tip_omega_100_Emax_80_IC3_mask4_179ms.csv,9,0.41379547119140625
C:\Users\xan37\Downloads\tip_omega_100_Emax_80_IC3_mask5_179ms.csv,7,0.3571891784667969
C:\Users\xan37\Downloads\tip_omega_100_Emax_80_IC4_mask1_179ms.csv,7,0.4047050476074219
C:\Users\xan37\Downloads\tip_omega_100_Emax_80_IC4_mask2_179ms.csv,4,0.2812156677246094
C:\Users\xan37\Downloads\tip_omega_100_Emax_80_IC4_mask3_179ms.csv,9,0.4021034240722656
C:\Users\xan37\Downloads\tip_omega_100_Emax_80_IC4_mask4_179ms.csv,9,0.41747283935546875
C:\Users\xan37\Downloads\tip_omega_100_Emax_80_IC4_mask5_179ms.csv,4,0.2793693542480469
C:\Users\xan37\Downloads\tip_omega_100_Emax_80_IC5_mask1_179ms.csv,4,0.36952972412109375
C:\Users\xan37\Downloads\tip_omega_100_Emax_80_IC5_mask2_179ms.csv,6,0.4006767272949219
C:\Users\xan37\Downloads\tip_omega_100_Emax_80_IC5_mask3_179ms.csv,4,0.4060249328613281
C:\Users\xan37\Downloads\tip_omega_100_Emax_80_IC5_mask4_179ms.csv,3,0.3581809997558594
C:\Users\xan37\Downloads\tip_omega_100_Emax_80_IC5_mask5_179ms.csv,8,0.4346351623535156
C:\Users\xan37\Downloads\tip_omega_100_Emax_80_IC6_mask1_179ms.csv,5,0.4115180969238281
C:\Users\xan37\Downloads\tip_omega_100_Emax_80_IC6_mask2_179ms.csv,3,0.43896484375
C:\Users\xan37\Downloads\tip_omega_100_Emax_80_IC6_mask3_179ms.csv,1,0.3668785095214844
C:\Users\xan37\Downloads\tip_omega_100_Emax_80_IC6_mask4_179ms.csv,3,0.3813323974609375
C:\Users\xan37\Downloads\tip_omega_100_Emax_80_IC6_mask5_179ms.csv,5,0.4263877868652344
C:\Users\xan37\Downloads\tip_omega_100_Emax_80_IC7_mask1_179ms.csv,2,0.37483978271484375
C:\Users\xan37\Downloads\tip_omega_100_Emax_80_IC7_mask2_179ms.csv,5,0.3475227355957031
C:\Users\xan37\Downloads\tip_omega_100_Emax_80_IC7_mask3_179ms.csv,8,0.3581733703613281
C:\Users\xan37\Downloads\tip_omega_100_Emax_80_IC7_mask4_179ms.csv,5,0.3355140686035156
C:\Users\xan37\Downloads\tip_omega_100_Emax_80_IC7_mask5_179ms.csv,3,0.4528541564941406
C:\Users\xan37\Downloads\tip_omega_100_Emax_80_IC8_mask1_179ms.csv,3,0.3657493591308594
C:\Users\xan37\Downloads\tip_omega_100_Emax_80_IC8_mask2_179ms.csv,7,0.31893157958984375
C:\Users\xan37\Downloads\tip_omega_100_Emax_80_IC8_mask3_179ms.csv,2,0.3628082275390625
C:\Users\xan37\Downloads\tip_omega_100_Emax_80_IC8_mask4_179ms.csv,6,0.24860000610351562
C:\Users\xan37\Downloads\tip_omega_100_Emax_80_IC8_mask5_179ms.csv,1,0.2752189636230469
C:\Users\xan37\Downloads\tip_omega_50_Emax_120_IC1_mask1_179ms.csv,7,0.3957366943359375
C:\Users\xan37\Downloads\tip_omega_50_Emax_120_IC1_mask2_179ms.csv,0,0.19693756103515625
C:\Users\xan37\Downloads\tip_omega_50_Emax_120_IC1_mask3_179ms.csv,4,0.20440292358398438
C:\Users\xan37\Downloads\tip_omega_50_Emax_120_IC1_mask4_179ms.csv,5,0.5693778991699219
C:\Users\xan37\Downloads\tip_omega_50_Emax_120_IC1_mask5_179ms.csv,1,0.2842750549316406
C:\Users\xan37\Downloads\tip_omega_50_Emax_120_IC2_mask1_179ms.csv,5,0.2862815856933594
C:\Users\xan37\Downloads\tip_omega_50_Emax_120_IC2_mask2_179ms.csv,4,0.3905754089355469
C:\Users\xan37\Downloads\tip_omega_50_Emax_120_IC2_mask3_179ms.csv,7,0.3516693115234375
C:\Users\xan37\Downloads\tip_omega_50_Emax_120_IC2_mask4_179ms.csv,5,0.2496337890625
C:\Users\xan37\Downloads\tip_omega_50_Emax_120_IC2_mask5_179ms.csv,7,0.38768768310546875
C:\Users\xan37\Downloads\tip_omega_50_Emax_120_IC3_mask1_179ms.csv,7,0.3075065612792969
C:\Users\xan37\Downloads\tip_omega_50_Emax_120_IC3_mask2_179ms.csv,8,0.31829071044921875
C:\Users\xan37\Downloads\tip_omega_50_Emax_120_IC3_mask3_179ms.csv,6,0.2889556884765625
C:\Users\xan37\Downloads\tip_omega_50_Emax_120_IC3_mask4_179ms.csv,8,0.346649169921875
C:\Users\xan37\Downloads\tip_omega_50_Emax_120_IC3_mask5_179ms.csv,8,0.2983360290527344
C:\Users\xan37\Downloads\tip_omega_50_Emax_120_IC4_mask1_179ms.csv,3,0.30319976806640625
C:\Users\xan37\Downloads\tip_omega_50_Emax_120_IC4_mask2_179ms.csv,4,0.3389320373535156
C:\Users\xan37\Downloads\tip_omega_50_Emax_120_IC4_mask3_179ms.csv,0,0.16248703002929688
C:\Users\xan37\Downloads\tip_omega_50_Emax_120_IC4_mask4_179ms.csv,1,0.28218841552734375
C:\Users\xan37\Downloads\tip_omega_50_Emax_120_IC4_mask5_179ms.csv,3,0.25919342041015625
C:\Users\xan37\Downloads\tip_omega_50_Emax_120_IC5_mask1_179ms.csv,4,0.3753089904785156
C:\Users\xan37\Downloads\tip_omega_50_Emax_120_IC5_mask2_179ms.csv,4,0.4193916320800781
C:\Users\xan37\Downloads\tip_omega_50_Emax_120_IC5_mask3_179ms.csv,2,0.36011505126953125
C:\Users\xan37\Downloads\tip_omega_50_Emax_120_IC5_mask4_179ms.csv,3,0.3737068176269531
C:\Users\xan37\Downloads\tip_omega_50_Emax_120_IC5_mask5_179ms.csv,5,0.3989410400390625
C:\Users\xan37\Downloads\tip_omega_50_Emax_120_IC6_mask1_179ms.csv,0,0.3803291320800781
C:\Users\xan37\Downloads\tip_omega_50_Emax_120_IC6_mask2_179ms.csv,1,0.4020118713378906
C:\Users\xan37\Downloads\tip_omega_50_Emax_120_IC6_mask3_179ms.csv,1,0.2831687927246094
C:\Users\xan37\Downloads\tip_omega_50_Emax_120_IC6_mask4_179ms.csv,4,0.3807182312011719
C:\Users\xan37\Downloads\tip_omega_50_Emax_120_IC6_mask5_179ms.csv,7,0.4041175842285156
C:\Users\xan37\Downloads\tip_omega_50_Emax_120_IC7_mask1_179ms.csv,3,0.3976173400878906
C:\Users\xan37\Downloads\tip_omega_50_Emax_120_IC7_mask2_179ms.csv,2,0.3231925964355469
C:\Users\xan37\Downloads\tip_omega_50_Emax_120_IC7_mask3_179ms.csv,8,0.45397186279296875
C:\Users\xan37\Downloads\tip_omega_50_Emax_120_IC7_mask4_179ms.csv,2,0.3461265563964844
C:\Users\xan37\Downloads\tip_omega_50_Emax_120_IC7_mask5_179ms.csv,5,0.5105667114257812
C:\Users\xan37\Downloads\tip_omega_50_Emax_120_IC8_mask1_179ms.csv,6,0.3651390075683594
C:\Users\xan37\Downloads\tip_omega_50_Emax_120_IC8_mask2_179ms.csv,7,0.3604736328125
C:\Users\xan37\Downloads\tip_omega_50_Emax_120_IC8_mask3_179ms.csv,6,0.37183380126953125
C:\Users\xan37\Downloads\tip_omega_50_Emax_120_IC8_mask4_179ms.csv,8,0.26874542236328125
C:\Users\xan37\Downloads\tip_omega_50_Emax_120_IC8_mask5_179ms.csv,1,0.2789497375488281
C:\Users\xan37\Downloads\tip_omega_100_Emax_120_IC1_mask1_179ms.csv,6,0.4831199645996094
C:\Users\xan37\Downloads\tip_omega_100_Emax_120_IC1_mask2_179ms.csv,7,0.5734710693359375
C:\Users\xan37\Downloads\tip_omega_100_Emax_120_IC1_mask3_179ms.csv,7,0.4643096923828125
C:\Users\xan37\Downloads\tip_omega_100_Emax_120_IC1_mask4_179ms.csv,8,0.5842208862304688
C:\Users\xan37\Downloads\tip_omega_100_Emax_120_IC1_mask5_179ms.csv,2,0.31378173828125
C:\Users\xan37\Downloads\tip_omega_100_Emax_120_IC2_mask1_179ms.csv,3,0.26535797119140625
C:\Users\xan37\Downloads\tip_omega_100_Emax_120_IC2_mask2_179ms.csv,3,0.3319816589355469
C:\Users\xan37\Downloads\tip_omega_100_Emax_120_IC2_mask3_179ms.csv,6,0.35120391845703125
C:\Users\xan37\Downloads\tip_omega_100_Emax_120_IC2_mask4_179ms.csv,6,0.29251861572265625
C:\Users\xan37\Downloads\tip_omega_100_Emax_120_IC2_mask5_179ms.csv,3,0.32721710205078125
C:\Users\xan37\Downloads\tip_omega_100_Emax_120_IC3_mask1_179ms.csv,6,0.2905921936035156
C:\Users\xan37\Downloads\tip_omega_100_Emax_120_IC3_mask2_179ms.csv,4,0.20476150512695312
C:\Users\xan37\Downloads\tip_omega_100_Emax_120_IC3_mask3_179ms.csv,5,0.3339958190917969
C:\Users\xan37\Downloads\tip_omega_100_Emax_120_IC3_mask4_179ms.csv,7,0.38983917236328125
C:\Users\xan37\Downloads\tip_omega_100_Emax_120_IC3_mask5_179ms.csv,6,0.3053741455078125
C:\Users\xan37\Downloads\tip_omega_100_Emax_120_IC4_mask1_179ms.csv,2,0.29000091552734375
C:\Users\xan37\Downloads\tip_omega_100_Emax_120_IC4_mask2_179ms.csv,2,0.28887939453125
C:\Users\xan37\Downloads\tip_omega_100_Emax_120_IC4_mask3_179ms.csv,7,0.3855171203613281
C:\Users\xan37\Downloads\tip_omega_100_Emax_120_IC4_mask4_179ms.csv,1,0.2729759216308594
C:\Users\xan37\Downloads\tip_omega_100_Emax_120_IC4_mask5_179ms.csv,3,0.25519561767578125
C:\Users\xan37\Downloads\tip_omega_100_Emax_120_IC5_mask1_179ms.csv,2,0.3570747375488281
C:\Users\xan37\Downloads\tip_omega_100_Emax_120_IC5_mask2_179ms.csv,2,0.3793067932128906
C:\Users\xan37\Downloads\tip_omega_100_Emax_120_IC5_mask3_179ms.csv,1,0.31563568115234375
C:\Users\xan37\Downloads\tip_omega_100_Emax_120_IC5_mask4_179ms.csv,2,0.378021240234375
C:\Users\xan37\Downloads\tip_omega_100_Emax_120_IC5_mask5_179ms.csv,6,0.4243011474609375
C:\Users\xan37\Downloads\tip_omega_100_Emax_120_IC6_mask1_179ms.csv,5,0.38037872314453125
C:\Users\xan37\Downloads\tip_omega_100_Emax_120_IC6_mask2_179ms.csv,2,0.39955902099609375
C:\Users\xan37\Downloads\tip_omega_100_Emax_120_IC6_mask3_179ms.csv,4,0.3859100341796875
C:\Users\xan37\Downloads\tip_omega_100_Emax_120_IC6_mask4_179ms.csv,2,0.3605384826660156
C:\Users\xan37\Downloads\tip_omega_100_Emax_120_IC6_mask5_179ms.csv,6,0.40721893310546875
C:\Users\xan37\Downloads\tip_omega_100_Emax_120_IC7_mask1_179ms.csv,2,0.3477668762207031
C:\Users\xan37\Downloads\tip_omega_100_Emax_120_IC7_mask2_179ms.csv,1,0.22656631469726562
C:\Users\xan37\Downloads\tip_omega_100_Emax_120_IC7_mask3_179ms.csv,7,0.36594390869140625
C:\Users\xan37\Downloads\tip_omega_100_Emax_120_IC7_mask4_179ms.csv,7,0.3440589904785156
C:\Users\xan37\Downloads\tip_omega_100_Emax_120_IC7_mask5_179ms.csv,6,0.45287322998046875
C:\Users\xan37\Downloads\tip_omega_100_Emax_120_IC8_mask1_179ms.csv,6,0.376953125
C:\Users\xan37\Downloads\tip_omega_100_Emax_120_IC8_mask2_179ms.csv,10,0.3558540344238281
C:\Users\xan37\Downloads\tip_omega_100_Emax_120_IC8_mask3_179ms.csv,2,0.245025634765625
C:\Users\xan37\Downloads\tip_omega_100_Emax_120_IC8_mask4_179ms.csv,6,0.2712593078613281
C:\Users\xan37\Downloads\tip_omega_100_Emax_120_IC8_mask5_179ms.csv,0,0.26979827880859375
C:\Users\xan37\Downloads\tip_omega_50_Emax_160_IC1_mask1_179ms.csv,11,0.37729644775390625
C:\Users\xan37\Downloads\tip_omega_50_Emax_160_IC1_mask2_179ms.csv,0,0.1036834716796875
C:\Users\xan37\Downloads\tip_omega_50_Emax_160_IC1_mask3_179ms.csv,3,0.21076202392578125
C:\Users\xan37\Downloads\tip_omega_50_Emax_160_IC1_mask4_179ms.csv,9,0.3511505126953125
C:\Users\xan37\Downloads\tip_omega_50_Emax_160_IC1_mask5_179ms.csv,0,0.17849349975585938
C:\Users\xan37\Downloads\tip_omega_50_Emax_160_IC2_mask1_179ms.csv,4,0.2953338623046875
C:\Users\xan37\Downloads\tip_omega_50_Emax_160_IC2_mask2_179ms.csv,3,0.32392120361328125
C:\Users\xan37\Downloads\tip_omega_50_Emax_160_IC2_mask3_179ms.csv,5,0.2868385314941406
C:\Users\xan37\Downloads\tip_omega_50_Emax_160_IC2_mask4_179ms.csv,5,0.2574462890625
C:\Users\xan37\Downloads\tip_omega_50_Emax_160_IC2_mask5_179ms.csv,9,0.3591041564941406
C:\Users\xan37\Downloads\tip_omega_50_Emax_160_IC3_mask1_179ms.csv,4,0.3154869079589844
C:\Users\xan37\Downloads\tip_omega_50_Emax_160_IC3_mask2_179ms.csv,2,0.207733154296875
C:\Users\xan37\Downloads\tip_omega_50_Emax_160_IC3_mask3_179ms.csv,8,0.3071250915527344
C:\Users\xan37\Downloads\tip_omega_50_Emax_160_IC3_mask4_179ms.csv,8,0.36583709716796875
C:\Users\xan37\Downloads\tip_omega_50_Emax_160_IC3_mask5_179ms.csv,6,0.3055877685546875
C:\Users\xan37\Downloads\tip_omega_50_Emax_160_IC4_mask1_179ms.csv,5,0.29344940185546875
C:\Users\xan37\Downloads\tip_omega_50_Emax_160_IC4_mask2_179ms.csv,0,0.18731689453125
C:\Users\xan37\Downloads\tip_omega_50_Emax_160_IC4_mask3_179ms.csv,0,0.20151901245117188
C:\Users\xan37\Downloads\tip_omega_50_Emax_160_IC4_mask4_179ms.csv,0,0.190277099609375
C:\Users\xan37\Downloads\tip_omega_50_Emax_160_IC4_mask5_179ms.csv,2,0.2601966857910156
C:\Users\xan37\Downloads\tip_omega_50_Emax_160_IC5_mask1_179ms.csv,4,0.3406944274902344
C:\Users\xan37\Downloads\tip_omega_50_Emax_160_IC5_mask2_179ms.csv,1,0.4087333679199219
C:\Users\xan37\Downloads\tip_omega_50_Emax_160_IC5_mask3_179ms.csv,9,0.3104820251464844
C:\Users\xan37\Downloads\tip_omega_50_Emax_160_IC5_mask4_179ms.csv,1,0.37146759033203125
C:\Users\xan37\Downloads\tip_omega_50_Emax_160_IC5_mask5_179ms.csv,5,0.4478569030761719
C:\Users\xan37\Downloads\tip_omega_50_Emax_160_IC6_mask1_179ms.csv,4,0.40140533447265625
C:\Users\xan37\Downloads\tip_omega_50_Emax_160_IC6_mask2_179ms.csv,3,0.4205169677734375
C:\Users\xan37\Downloads\tip_omega_50_Emax_160_IC6_mask3_179ms.csv,4,0.37924957275390625
C:\Users\xan37\Downloads\tip_omega_50_Emax_160_IC6_mask4_179ms.csv,2,0.3908348083496094
C:\Users\xan37\Downloads\tip_omega_50_Emax_160_IC6_mask5_179ms.csv,3,0.3715362548828125
C:\Users\xan37\Downloads\tip_omega_50_Emax_160_IC7_mask1_179ms.csv,6,0.3735542297363281
C:\Users\xan37\Downloads\tip_omega_50_Emax_160_IC7_mask2_179ms.csv,0,0.24195480346679688
C:\Users\xan37\Downloads\tip_omega_50_Emax_160_IC7_mask3_179ms.csv,7,0.3534698486328125
C:\Users\xan37\Downloads\tip_omega_50_Emax_160_IC7_mask4_179ms.csv,4,0.34247589111328125
C:\Users\xan37\Downloads\tip_omega_50_Emax_160_IC7_mask5_179ms.csv,7,0.4713134765625
C:\Users\xan37\Downloads\tip_omega_50_Emax_160_IC8_mask1_179ms.csv,9,0.4083137512207031
C:\Users\xan37\Downloads\tip_omega_50_Emax_160_IC8_mask2_179ms.csv,2,0.33338165283203125
C:\Users\xan37\Downloads\tip_omega_50_Emax_160_IC8_mask3_179ms.csv,4,0.3595733642578125
C:\Users\xan37\Downloads\tip_omega_50_Emax_160_IC8_mask4_179ms.csv,7,0.2938270568847656
C:\Users\xan37\Downloads\tip_omega_50_Emax_160_IC8_mask5_179ms.csv,1,0.3131675720214844
C:\Users\xan37\Downloads\tip_omega_100_Emax_160_IC1_mask1_179ms.csv,12,0.4676399230957031
C:\Users\xan37\Downloads\tip_omega_100_Emax_160_IC1_mask2_179ms.csv,6,0.5124626159667969
C:\Users\xan37\Downloads\tip_omega_100_Emax_160_IC1_mask3_179ms.csv,0,0.12957000732421875
C:\Users\xan37\Downloads\tip_omega_100_Emax_160_IC1_mask4_179ms.csv,9,0.3887443542480469
C:\Users\xan37\Downloads\tip_omega_100_Emax_160_IC1_mask5_179ms.csv,4,0.3016700744628906
C:\Users\xan37\Downloads\tip_omega_100_Emax_160_IC2_mask1_179ms.csv,5,0.2976264953613281
C:\Users\xan37\Downloads\tip_omega_100_Emax_160_IC2_mask2_179ms.csv,1,0.3385276794433594
C:\Users\xan37\Downloads\tip_omega_100_Emax_160_IC2_mask3_179ms.csv,5,0.3383598327636719
C:\Users\xan37\Downloads\tip_omega_100_Emax_160_IC2_mask4_179ms.csv,8,0.3303680419921875
C:\Users\xan37\Downloads\tip_omega_100_Emax_160_IC2_mask5_179ms.csv,5,0.32820892333984375
C:\Users\xan37\Downloads\tip_omega_100_Emax_160_IC3_mask1_179ms.csv,4,0.28295135498046875
C:\Users\xan37\Downloads\tip_omega_100_Emax_160_IC3_mask2_179ms.csv,1,0.176788330078125
C:\Users\xan37\Downloads\tip_omega_100_Emax_160_IC3_mask3_179ms.csv,0,0.1331939697265625
C:\Users\xan37\Downloads\tip_omega_100_Emax_160_IC3_mask4_179ms.csv,0,0.14294815063476562
C:\Users\xan37\Downloads\tip_omega_100_Emax_160_IC3_mask5_179ms.csv,6,0.3498878479003906
C:\Users\xan37\Downloads\tip_omega_100_Emax_160_IC4_mask1_179ms.csv,4,0.2080230712890625
C:\Users\xan37\Downloads\tip_omega_100_Emax_160_IC4_mask2_179ms.csv,1,0.30811309814453125
C:\Users\xan37\Downloads\tip_omega_100_Emax_160_IC4_mask3_179ms.csv,8,0.3057289123535156
C:\Users\xan37\Downloads\tip_omega_100_Emax_160_IC4_mask4_179ms.csv,0,0.211090087890625
C:\Users\xan37\Downloads\tip_omega_100_Emax_160_IC4_mask5_179ms.csv,2,0.2733268737792969
C:\Users\xan37\Downloads\tip_omega_100_Emax_160_IC5_mask1_179ms.csv,6,0.4494781494140625
C:\Users\xan37\Downloads\tip_omega_100_Emax_160_IC5_mask2_179ms.csv,1,0.4099578857421875
C:\Users\xan37\Downloads\tip_omega_100_Emax_160_IC5_mask3_179ms.csv,7,0.26727294921875
C:\Users\xan37\Downloads\tip_omega_100_Emax_160_IC5_mask4_179ms.csv,1,0.3943901062011719
C:\Users\xan37\Downloads\tip_omega_100_Emax_160_IC5_mask5_179ms.csv,3,0.37729644775390625
C:\Users\xan37\Downloads\tip_omega_100_Emax_160_IC6_mask1_179ms.csv,6,0.3739738464355469
C:\Users\xan37\Downloads\tip_omega_100_Emax_160_IC6_mask2_179ms.csv,3,0.3711090087890625
C:\Users\xan37\Downloads\tip_omega_100_Emax_160_IC6_mask3_179ms.csv,5,0.35712432861328125
C:\Users\xan37\Downloads\tip_omega_100_Emax_160_IC6_mask4_179ms.csv,3,0.3614234924316406
C:\Users\xan37\Downloads\tip_omega_100_Emax_160_IC6_mask5_179ms.csv,2,0.3504791259765625
C:\Users\xan37\Downloads\tip_omega_100_Emax_160_IC7_mask1_179ms.csv,8,0.3395423889160156
C:\Users\xan37\Downloads\tip_omega_100_Emax_160_IC7_mask2_179ms.csv,1,0.2613029479980469
C:\Users\xan37\Downloads\tip_omega_100_Emax_160_IC7_mask3_179ms.csv,4,0.37896728515625
C:\Users\xan37\Downloads\tip_omega_100_Emax_160_IC7_mask4_179ms.csv,8,0.320220947265625
C:\Users\xan37\Downloads\tip_omega_100_Emax_160_IC7_mask5_179ms.csv,4,0.408233642578125
C:\Users\xan37\Downloads\tip_omega_100_Emax_160_IC8_mask1_179ms.csv,4,0.3733978271484375
C:\Users\xan37\Downloads\tip_omega_100_Emax_160_IC8_mask2_179ms.csv,3,0.3456916809082031
C:\Users\xan37\Downloads\tip_omega_100_Emax_160_IC8_mask3_179ms.csv,9,0.41629791259765625
C:\Users\xan37\Downloads\tip_omega_100_Emax_160_IC8_mask4_179ms.csv,3,0.2572822570800781
C:\Users\xan37\Downloads\tip_omega_100_Emax_160_IC8_mask5_179ms.csv,1,0.28936004638671875
C:\Users\xan37\Downloads\tip_omega_0_Emax_40_IC1_mask1_179ms.csv,0,0.15335845947265625
C:\Users\xan37\Downloads\tip_omega_0_Emax_40_IC2_mask2_179ms.csv,8,0.486663818359375
C:\Users\xan37\Downloads\tip_omega_0_Emax_40_IC2_mask3_179ms.csv,5,0.4298439025878906
C:\Users\xan37\Downloads\tip_omega_0_Emax_40_IC2_mask4_179ms.csv,6,0.4433250427246094
C:\Users\xan37\Downloads\tip_omega_0_Emax_40_IC2_mask5_179ms.csv,7,0.4653282165527344
C:\Users\xan37\Downloads\tip_omega_0_Emax_40_IC3_mask1_179ms.csv,8,0.32466888427734375
C:\Users\xan37\Downloads\tip_omega_0_Emax_40_IC3_mask2_179ms.csv,8,0.3377685546875
C:\Users\xan37\Downloads\tip_omega_0_Emax_40_IC3_mask3_179ms.csv,11,0.3417243957519531
C:\Users\xan37\Downloads\tip_omega_0_Emax_40_IC3_mask4_179ms.csv,7,0.33058929443359375
C:\Users\xan37\Downloads\tip_omega_0_Emax_40_IC3_mask5_179ms.csv,9,0.31708526611328125
C:\Users\xan37\Downloads\tip_omega_0_Emax_40_IC4_mask1_179ms.csv,7,0.495819091796875
C:\Users\xan37\Downloads\tip_omega_0_Emax_40_IC4_mask2_179ms.csv,7,0.3962059020996094
C:\Users\xan37\Downloads\tip_omega_0_Emax_40_IC4_mask3_179ms.csv,9,0.4563713073730469
C:\Users\xan37\Downloads\tip_omega_0_Emax_40_IC4_mask4_179ms.csv,8,0.479217529296875
C:\Users\xan37\Downloads\tip_omega_0_Emax_40_IC4_mask5_179ms.csv,7,0.4045906066894531
C:\Users\xan37\Downloads\tip_omega_0_Emax_40_IC5_mask1_179ms.csv,7,0.4512977600097656
C:\Users\xan37\Downloads\tip_omega_0_Emax_40_IC5_mask2_179ms.csv,4,0.36856842041015625
C:\Users\xan37\Downloads\tip_omega_0_Emax_40_IC5_mask3_179ms.csv,5,0.4246025085449219
C:\Users\xan37\Downloads\tip_omega_0_Emax_40_IC5_mask4_179ms.csv,6,0.3827667236328125
C:\Users\xan37\Downloads\tip_omega_0_Emax_40_IC5_mask5_179ms.csv,4,0.4382514953613281
C:\Users\xan37\Downloads\tip_omega_0_Emax_40_IC6_mask1_179ms.csv,0,0.310882568359375
C:\Users\xan37\Downloads\tip_omega_0_Emax_40_IC6_mask2_179ms.csv,5,0.3962745666503906
C:\Users\xan37\Downloads\tip_omega_0_Emax_40_IC6_mask3_179ms.csv,0,0.29540252685546875
C:\Users\xan37\Downloads\tip_omega_0_Emax_40_IC6_mask4_179ms.csv,2,0.24335098266601562
C:\Users\xan37\Downloads\tip_omega_0_Emax_40_IC6_mask5_179ms.csv,4,0.3175468444824219
C:\Users\xan37\Downloads\tip_omega_0_Emax_40_IC7_mask1_179ms.csv,5,0.4022674560546875
C:\Users\xan37\Downloads\tip_omega_0_Emax_40_IC7_mask2_179ms.csv,5,0.4342384338378906
C:\Users\xan37\Downloads\tip_omega_0_Emax_40_IC7_mask3_179ms.csv,5,0.4200553894042969
C:\Users\xan37\Downloads\tip_omega_0_Emax_40_IC7_mask4_179ms.csv,5,0.44008636474609375
C:\Users\xan37\Downloads\tip_omega_0_Emax_40_IC7_mask5_179ms.csv,5,0.4910469055175781
C:\Users\xan37\Downloads\tip_omega_0_Emax_40_IC8_mask1_179ms.csv,9,0.545501708984375
C:\Users\xan37\Downloads\tip_omega_0_Emax_40_IC8_mask2_179ms.csv,10,0.4111785888671875
C:\Users\xan37\Downloads\tip_omega_0_Emax_40_IC8_mask3_179ms.csv,11,0.46187591552734375
C:\Users\xan37\Downloads\tip_omega_0_Emax_40_IC8_mask4_179ms.csv,8,0.3718833923339844
C:\Users\xan37\Downloads\tip_omega_0_Emax_40_IC8_mask5_179ms.csv,4,0.3666839599609375
C:\Users\xan37\Downloads\tip_omega_0_Emax_80_IC1_mask1_179ms.csv,7,0.3709678649902344
C:\Users\xan37\Downloads\tip_omega_0_Emax_80_IC1_mask2_179ms.csv,3,0.5601806640625
C:\Users\xan37\Downloads\tip_omega_0_Emax_80_IC1_mask3_179ms.csv,8,0.5963172912597656
C:\Users\xan37\Downloads\tip_omega_0_Emax_80_IC1_mask4_179ms.csv,5,0.5928802490234375
C:\Users\xan37\Downloads\tip_omega_0_Emax_80_IC1_mask5_179ms.csv,8,0.45220947265625
C:\Users\xan37\Downloads\tip_omega_0_Emax_80_IC2_mask1_179ms.csv,4,0.2894287109375
C:\Users\xan37\Downloads\tip_omega_0_Emax_80_IC2_mask2_179ms.csv,8,0.3478279113769531
C:\Users\xan37\Downloads\tip_omega_0_Emax_80_IC2_mask3_179ms.csv,4,0.30877685546875
C:\Users\xan37\Downloads\tip_omega_0_Emax_80_IC2_mask4_179ms.csv,6,0.31284332275390625
C:\Users\xan37\Downloads\tip_omega_0_Emax_80_IC2_mask5_179ms.csv,7,0.3748817443847656
C:\Users\xan37\Downloads\tip_omega_0_Emax_80_IC3_mask1_179ms.csv,11,0.3588714599609375
C:\Users\xan37\Downloads\tip_omega_0_Emax_80_IC3_mask2_179ms.csv,3,0.21827316284179688
C:\Users\xan37\Downloads\tip_omega_0_Emax_80_IC3_mask3_179ms.csv,10,0.3081245422363281
C:\Users\xan37\Downloads\tip_omega_0_Emax_80_IC3_mask4_179ms.csv,7,0.30554962158203125
C:\Users\xan37\Downloads\tip_omega_0_Emax_80_IC3_mask5_179ms.csv,9,0.30248260498046875
C:\Users\xan37\Downloads\tip_omega_0_Emax_80_IC4_mask1_179ms.csv,7,0.4109458923339844
C:\Users\xan37\Downloads\tip_omega_0_Emax_80_IC4_mask2_179ms.csv,7,0.34258270263671875
C:\Users\xan37\Downloads\tip_omega_0_Emax_80_IC4_mask3_179ms.csv,9,0.3949546813964844
C:\Users\xan37\Downloads\tip_omega_0_Emax_80_IC4_mask4_179ms.csv,10,0.3970947265625
C:\Users\xan37\Downloads\tip_omega_0_Emax_80_IC4_mask5_179ms.csv,2,0.23062515258789062
C:\Users\xan37\Downloads\tip_omega_0_Emax_80_IC5_mask1_179ms.csv,6,0.35807037353515625
C:\Users\xan37\Downloads\tip_omega_0_Emax_80_IC5_mask2_179ms.csv,4,0.42572021484375
C:\Users\xan37\Downloads\tip_omega_0_Emax_80_IC5_mask3_179ms.csv,2,0.20054244995117188
C:\Users\xan37\Downloads\tip_omega_0_Emax_80_IC5_mask4_179ms.csv,5,0.38481903076171875
C:\Users\xan37\Downloads\tip_omega_0_Emax_80_IC5_mask5_179ms.csv,9,0.4237518310546875
C:\Users\xan37\Downloads\tip_omega_0_Emax_80_IC6_mask1_179ms.csv,0,0.3428230285644531
C:\Users\xan37\Downloads\tip_omega_0_Emax_80_IC6_mask2_179ms.csv,5,0.39842987060546875
C:\Users\xan37\Downloads\tip_omega_0_Emax_80_IC6_mask3_179ms.csv,0,0.33655548095703125
C:\Users\xan37\Downloads\tip_omega_0_Emax_80_IC6_mask4_179ms.csv,3,0.3857307434082031
C:\Users\xan37\Downloads\tip_omega_0_Emax_80_IC6_mask5_179ms.csv,2,0.28823089599609375
C:\Users\xan37\Downloads\tip_omega_0_Emax_80_IC7_mask1_179ms.csv,5,0.45061492919921875
C:\Users\xan37\Downloads\tip_omega_0_Emax_80_IC7_mask2_179ms.csv,7,0.3805999755859375
C:\Users\xan37\Downloads\tip_omega_0_Emax_80_IC7_mask3_179ms.csv,2,0.3228721618652344
C:\Users\xan37\Downloads\tip_omega_0_Emax_80_IC7_mask4_179ms.csv,7,0.4594764709472656
C:\Users\xan37\Downloads\tip_omega_0_Emax_80_IC7_mask5_179ms.csv,5,0.4648551940917969
C:\Users\xan37\Downloads\tip_omega_0_Emax_80_IC8_mask1_179ms.csv,5,0.4059257507324219
C:\Users\xan37\Downloads\tip_omega_0_Emax_80_IC8_mask4_179ms.csv,8,0.3486328125
C:\Users\xan37\Downloads\tip_omega_0_Emax_80_IC8_mask5_179ms.csv,2,0.24621200561523438
C:\Users\xan37\Downloads\tip_omega_0_Emax_120_IC1_mask1_179ms.csv,6,0.45218658447265625
C:\Users\xan37\Downloads\tip_omega_0_Emax_120_IC1_mask2_179ms.csv,2,0.22859573364257812
C:\Users\xan37\Downloads\tip_omega_0_Emax_120_IC1_mask3_179ms.csv,5,0.2677459716796875
C:\Users\xan37\Downloads\tip_omega_0_Emax_120_IC1_mask4_179ms.csv,5,0.5673408508300781
C:\Users\xan37\Downloads\tip_omega_0_Emax_120_IC1_mask5_179ms.csv,6,0.2930412292480469
C:\Users\xan37\Downloads\tip_omega_0_Emax_120_IC2_mask1_179ms.csv,6,0.2955589294433594
C:\Users\xan37\Downloads\tip_omega_0_Emax_120_IC2_mask2_179ms.csv,5,0.4072074890136719
C:\Users\xan37\Downloads\tip_omega_0_Emax_120_IC2_mask3_179ms.csv,4,0.2647552490234375
C:\Users\xan37\Downloads\tip_omega_0_Emax_120_IC2_mask4_179ms.csv,3,0.20762252807617188
C:\Users\xan37\Downloads\tip_omega_0_Emax_120_IC2_mask5_179ms.csv,5,0.3336753845214844
C:\Users\xan37\Downloads\tip_omega_0_Emax_120_IC3_mask1_179ms.csv,9,0.3028526306152344
C:\Users\xan37\Downloads\tip_omega_0_Emax_120_IC3_mask2_179ms.csv,10,0.3016471862792969
C:\Users\xan37\Downloads\tip_omega_0_Emax_120_IC3_mask3_179ms.csv,7,0.2959938049316406
C:\Users\xan37\Downloads\tip_omega_0_Emax_120_IC3_mask4_179ms.csv,6,0.3177032470703125
C:\Users\xan37\Downloads\tip_omega_0_Emax_120_IC3_mask5_179ms.csv,0,0.13296890258789062
C:\Users\xan37\Downloads\tip_omega_0_Emax_120_IC4_mask1_179ms.csv,4,0.3117332458496094
C:\Users\xan37\Downloads\tip_omega_0_Emax_120_IC4_mask2_179ms.csv,5,0.3586235046386719
C:\Users\xan37\Downloads\tip_omega_0_Emax_120_IC4_mask3_179ms.csv,6,0.3245849609375
C:\Users\xan37\Downloads\tip_omega_0_Emax_120_IC4_mask4_179ms.csv,4,0.28730010986328125
C:\Users\xan37\Downloads\tip_omega_0_Emax_120_IC4_mask5_179ms.csv,2,0.255859375
C:\Users\xan37\Downloads\tip_omega_0_Emax_120_IC5_mask1_179ms.csv,4,0.35455322265625
C:\Users\xan37\Downloads\tip_omega_0_Emax_120_IC5_mask2_179ms.csv,5,0.4314155578613281
C:\Users\xan37\Downloads\tip_omega_0_Emax_120_IC5_mask3_179ms.csv,3,0.21738815307617188
C:\Users\xan37\Downloads\tip_omega_0_Emax_120_IC5_mask4_179ms.csv,3,0.2792091369628906
C:\Users\xan37\Downloads\tip_omega_0_Emax_120_IC5_mask5_179ms.csv,1,0.23614883422851562
C:\Users\xan37\Downloads\tip_omega_0_Emax_120_IC6_mask1_179ms.csv,0,0.359039306640625
C:\Users\xan37\Downloads\tip_omega_0_Emax_120_IC6_mask2_179ms.csv,0,0.35848236083984375
C:\Users\xan37\Downloads\tip_omega_0_Emax_120_IC6_mask3_179ms.csv,3,0.3464927673339844
C:\Users\xan37\Downloads\tip_omega_0_Emax_120_IC6_mask4_179ms.csv,6,0.4103584289550781
C:\Users\xan37\Downloads\tip_omega_0_Emax_120_IC6_mask5_179ms.csv,2,0.3333015441894531
C:\Users\xan37\Downloads\tip_omega_0_Emax_120_IC7_mask1_179ms.csv,3,0.4231452941894531
C:\Users\xan37\Downloads\tip_omega_0_Emax_120_IC7_mask2_179ms.csv,4,0.30663299560546875
C:\Users\xan37\Downloads\tip_omega_0_Emax_120_IC7_mask3_179ms.csv,3,0.3736763000488281
C:\Users\xan37\Downloads\tip_omega_0_Emax_120_IC7_mask4_179ms.csv,4,0.33322906494140625
C:\Users\xan37\Downloads\tip_omega_0_Emax_120_IC7_mask5_179ms.csv,2,0.4412994384765625
C:\Users\xan37\Downloads\tip_omega_0_Emax_120_IC8_mask1_179ms.csv,9,0.4002952575683594
C:\Users\xan37\Downloads\tip_omega_0_Emax_120_IC8_mask2_179ms.csv,6,0.3547706604003906
C:\Users\xan37\Downloads\tip_omega_0_Emax_120_IC8_mask3_179ms.csv,3,0.3853263854980469
C:\Users\xan37\Downloads\tip_omega_0_Emax_120_IC8_mask4_179ms.csv,13,0.382598876953125
C:\Users\xan37\Downloads\tip_omega_0_Emax_120_IC8_mask5_179ms.csv,0,0.2631034851074219
C:\Users\xan37\Downloads\tip_omega_0_Emax_160_IC1_mask1_179ms.csv,7,0.3545799255371094
C:\Users\xan37\Downloads\tip_omega_0_Emax_160_IC1_mask2_179ms.csv,0,0.255401611328125
C:\Users\xan37\Downloads\tip_omega_0_Emax_160_IC1_mask3_179ms.csv,5,0.24491119384765625
C:\Users\xan37\Downloads\tip_omega_0_Emax_160_IC1_mask4_179ms.csv,7,0.3643341064453125
C:\Users\xan37\Downloads\tip_omega_0_Emax_160_IC1_mask5_179ms.csv,4,0.2875480651855469
C:\Users\xan37\Downloads\tip_omega_0_Emax_160_IC2_mask1_179ms.csv,6,0.286285400390625
C:\Users\xan37\Downloads\tip_omega_0_Emax_160_IC2_mask2_179ms.csv,2,0.3078727722167969
C:\Users\xan37\Downloads\tip_omega_0_Emax_160_IC2_mask3_179ms.csv,4,0.3174171447753906
C:\Users\xan37\Downloads\tip_omega_0_Emax_160_IC2_mask4_179ms.csv,5,0.2604179382324219
C:\Users\xan37\Downloads\tip_omega_0_Emax_160_IC2_mask5_179ms.csv,5,0.3256797790527344
C:\Users\xan37\Downloads\tip_omega_0_Emax_160_IC3_mask1_179ms.csv,9,0.3112945556640625
C:\Users\xan37\Downloads\tip_omega_0_Emax_160_IC3_mask2_179ms.csv,7,0.31922149658203125
C:\Users\xan37\Downloads\tip_omega_0_Emax_160_IC3_mask3_179ms.csv,5,0.2636680603027344
C:\Users\xan37\Downloads\tip_omega_0_Emax_160_IC3_mask4_179ms.csv,9,0.3423500061035156
C:\Users\xan37\Downloads\tip_omega_0_Emax_160_IC3_mask5_179ms.csv,2,0.19292831420898438
C:\Users\xan37\Downloads\tip_omega_0_Emax_160_IC4_mask1_179ms.csv,8,0.3015708923339844
C:\Users\xan37\Downloads\tip_omega_0_Emax_160_IC4_mask2_179ms.csv,7,0.3207893371582031
C:\Users\xan37\Downloads\tip_omega_0_Emax_160_IC4_mask3_179ms.csv,0,0.18799591064453125
C:\Users\xan37\Downloads\tip_omega_0_Emax_160_IC4_mask4_179ms.csv,0,0.18729400634765625
C:\Users\xan37\Downloads\tip_omega_0_Emax_160_IC4_mask5_179ms.csv,2,0.2866325378417969
C:\Users\xan37\Downloads\tip_omega_0_Emax_160_IC5_mask1_179ms.csv,4,0.3780555725097656
C:\Users\xan37\Downloads\tip_omega_0_Emax_160_IC5_mask2_179ms.csv,5,0.2954902648925781
C:\Users\xan37\Downloads\tip_omega_0_Emax_160_IC5_mask3_179ms.csv,9,0.3046607971191406
C:\Users\xan37\Downloads\tip_omega_0_Emax_160_IC5_mask4_179ms.csv,4,0.2748832702636719
C:\Users\xan37\Downloads\tip_omega_0_Emax_160_IC5_mask5_179ms.csv,5,0.4174652099609375
C:\Users\xan37\Downloads\tip_omega_0_Emax_160_IC6_mask1_179ms.csv,4,0.402740478515625
C:\Users\xan37\Downloads\tip_omega_0_Emax_160_IC6_mask2_179ms.csv,3,0.3937492370605469
C:\Users\xan37\Downloads\tip_omega_0_Emax_160_IC6_mask3_179ms.csv,4,0.3725547790527344
C:\Users\xan37\Downloads\tip_omega_0_Emax_160_IC6_mask4_179ms.csv,4,0.39926910400390625
C:\Users\xan37\Downloads\tip_omega_0_Emax_160_IC6_mask5_179ms.csv,3,0.3525962829589844
C:\Users\xan37\Downloads\tip_omega_0_Emax_160_IC7_mask1_179ms.csv,9,0.3641090393066406
C:\Users\xan37\Downloads\tip_omega_0_Emax_160_IC7_mask2_179ms.csv,8,0.39986419677734375
C:\Users\xan37\Downloads\tip_omega_0_Emax_160_IC7_mask3_179ms.csv,10,0.4820823669433594
C:\Users\xan37\Downloads\tip_omega_0_Emax_160_IC7_mask4_179ms.csv,4,0.3385734558105469
C:\Users\xan37\Downloads\tip_omega_0_Emax_160_IC7_mask5_179ms.csv,1,0.343109130859375
C:\Users\xan37\Downloads\tip_omega_0_Emax_160_IC8_mask1_179ms.csv,6,0.3128395080566406
C:\Users\xan37\Downloads\tip_omega_0_Emax_160_IC8_mask2_179ms.csv,8,0.4696502685546875
C:\Users\xan37\Downloads\tip_omega_0_Emax_160_IC8_mask3_179ms.csv,10,0.4057273864746094
C:\Users\xan37\Downloads\tip_omega_0_Emax_160_IC8_mask4_179ms.csv,14,0.3990821838378906
C:\Users\xan37\Downloads\tip_omega_0_Emax_160_IC8_mask5_179ms.csv,3,0.36861419677734375
C:\Users\xan37\Downloads\tip_omega_0_Emax_0_IC1_mask1_248ms.csv,0,0.5008049011230469
C:\Users\xan37\Downloads\tip_omega_0_Emax_0_IC1_mask2_248ms.csv,3,0.4998664855957031
C:\Users\xan37\Downloads\tip_omega_0_Emax_0_IC1_mask3_248ms.csv,3,0.4684104919433594
C:\Users\xan37\Downloads\tip_omega_0_Emax_0_IC1_mask4_248ms.csv,3,0.4727516174316406
C:\Users\xan37\Downloads\tip_omega_0_Emax_0_IC1_mask5_248ms.csv,3,0.5227203369140625
C:\Users\xan37\Downloads\tip_omega_0_Emax_0_IC2_mask1_248ms.csv,4,0.33483123779296875
C:\Users\xan37\Downloads\tip_omega_0_Emax_0_IC2_mask2_248ms.csv,4,0.2798118591308594
C:\Users\xan37\Downloads\tip_omega_0_Emax_0_IC2_mask3_248ms.csv,5,0.24384307861328125
C:\Users\xan37\Downloads\tip_omega_0_Emax_0_IC2_mask4_248ms.csv,4,0.2806205749511719
C:\Users\xan37\Downloads\tip_omega_0_Emax_0_IC2_mask5_248ms.csv,4,0.2716522216796875
C:\Users\xan37\Downloads\tip_omega_0_Emax_0_IC3_mask1_248ms.csv,2,0.6061019897460938
C:\Users\xan37\Downloads\tip_omega_0_Emax_0_IC3_mask2_248ms.csv,3,0.5485191345214844
C:\Users\xan37\Downloads\tip_omega_0_Emax_0_IC3_mask4_248ms.csv,3,0.5718116760253906
C:\Users\xan37\Downloads\tip_omega_0_Emax_0_IC3_mask5_248ms.csv,1,0.54150390625
C:\Users\xan37\Downloads\tip_omega_0_Emax_0_IC4_mask1_248ms.csv,5,0.4282722473144531
C:\Users\xan37\Downloads\tip_omega_0_Emax_0_IC4_mask2_248ms.csv,6,0.3191261291503906
C:\Users\xan37\Downloads\tip_omega_0_Emax_0_IC4_mask3_248ms.csv,9,0.4498710632324219
C:\Users\xan37\Downloads\tip_omega_0_Emax_0_IC4_mask4_248ms.csv,8,0.4452018737792969
C:\Users\xan37\Downloads\tip_omega_0_Emax_0_IC4_mask5_248ms.csv,11,0.46331787109375
C:\Users\xan37\Downloads\tip_omega_0_Emax_0_IC5_mask1_248ms.csv,5,0.3523292541503906
C:\Users\xan37\Downloads\tip_omega_0_Emax_0_IC5_mask2_248ms.csv,5,0.269134521484375
C:\Users\xan37\Downloads\tip_omega_0_Emax_0_IC5_mask3_248ms.csv,5,0.3497314453125
C:\Users\xan37\Downloads\tip_omega_0_Emax_0_IC5_mask4_248ms.csv,4,0.34987640380859375
C:\Users\xan37\Downloads\tip_omega_0_Emax_0_IC5_mask5_248ms.csv,9,0.4127693176269531
C:\Users\xan37\Downloads\tip_omega_0_Emax_0_IC6_mask1_248ms.csv,1,0.48033905029296875
C:\Users\xan37\Downloads\tip_omega_0_Emax_0_IC6_mask2_248ms.csv,1,0.5235023498535156
C:\Users\xan37\Downloads\tip_omega_0_Emax_0_IC6_mask3_248ms.csv,2,0.5276145935058594
C:\Users\xan37\Downloads\tip_omega_0_Emax_0_IC6_mask4_248ms.csv,2,0.5328178405761719
C:\Users\xan37\Downloads\tip_omega_0_Emax_0_IC6_mask5_248ms.csv,2,0.5034561157226562
C:\Users\xan37\Downloads\tip_omega_0_Emax_0_IC7_mask1_248ms.csv,7,0.2691459655761719
C:\Users\xan37\Downloads\tip_omega_0_Emax_0_IC7_mask2_248ms.csv,6,0.3004188537597656
C:\Users\xan37\Downloads\tip_omega_0_Emax_0_IC7_mask3_248ms.csv,10,0.4459648132324219
C:\Users\xan37\Downloads\tip_omega_0_Emax_0_IC7_mask4_248ms.csv,5,0.24863815307617188
C:\Users\xan37\Downloads\tip_omega_0_Emax_0_IC7_mask5_248ms.csv,8,0.34644317626953125
C:\Users\xan37\Downloads\tip_omega_0_Emax_0_IC8_mask1_248ms.csv,7,0.49597930908203125
C:\Users\xan37\Downloads\tip_omega_0_Emax_0_IC8_mask2_248ms.csv,2,0.44007110595703125
C:\Users\xan37\Downloads\tip_omega_0_Emax_0_IC8_mask3_248ms.csv,2,0.4512939453125
C:\Users\xan37\Downloads\tip_omega_0_Emax_0_IC8_mask4_248ms.csv,2,0.4415435791015625
C:\Users\xan37\Downloads\tip_omega_0_Emax_0_IC8_mask5_248ms.csv,2,0.4399909973144531
C:\Users\xan37\Downloads\tip_omega_50_Emax_0_IC1_mask1_248ms.csv,3,0.4766044616699219
C:\Users\xan37\Downloads\tip_omega_50_Emax_0_IC1_mask2_248ms.csv,3,0.49929046630859375
C:\Users\xan37\Downloads\tip_omega_50_Emax_0_IC1_mask3_248ms.csv,3,0.4678306579589844
C:\Users\xan37\Downloads\tip_omega_50_Emax_0_IC1_mask4_248ms.csv,3,0.475128173828125
C:\Users\xan37\Downloads\tip_omega_50_Emax_0_IC1_mask5_248ms.csv,3,0.5221366882324219
C:\Users\xan37\Downloads\tip_omega_50_Emax_0_IC2_mask1_248ms.csv,4,0.3355216979980469
C:\Users\xan37\Downloads\tip_omega_50_Emax_0_IC2_mask2_248ms.csv,4,0.27808380126953125
C:\Users\xan37\Downloads\tip_omega_50_Emax_0_IC2_mask3_248ms.csv,5,0.2441864013671875
C:\Users\xan37\Downloads\tip_omega_50_Emax_0_IC2_mask4_248ms.csv,4,0.28147125244140625
C:\Users\xan37\Downloads\tip_omega_50_Emax_0_IC2_mask5_248ms.csv,4,0.26863861083984375
C:\Users\xan37\Downloads\tip_omega_50_Emax_0_IC3_mask1_248ms.csv,2,0.6061935424804688
C:\Users\xan37\Downloads\tip_omega_50_Emax_0_IC3_mask2_248ms.csv,3,0.5488739013671875
C:\Users\xan37\Downloads\tip_omega_50_Emax_0_IC3_mask3_248ms.csv,3,0.5396003723144531
C:\Users\xan37\Downloads\tip_omega_50_Emax_0_IC3_mask4_248ms.csv,3,0.572113037109375
C:\Users\xan37\Downloads\tip_omega_50_Emax_0_IC3_mask5_248ms.csv,1,0.5415496826171875
C:\Users\xan37\Downloads\tip_omega_50_Emax_0_IC4_mask1_248ms.csv,5,0.42961883544921875
C:\Users\xan37\Downloads\tip_omega_50_Emax_0_IC4_mask2_248ms.csv,6,0.3184852600097656
C:\Users\xan37\Downloads\tip_omega_50_Emax_0_IC4_mask3_248ms.csv,9,0.4499969482421875
C:\Users\xan37\Downloads\tip_omega_50_Emax_0_IC4_mask4_248ms.csv,8,0.44744110107421875
C:\Users\xan37\Downloads\tip_omega_50_Emax_0_IC4_mask5_248ms.csv,11,0.4619293212890625
C:\Users\xan37\Downloads\tip_omega_50_Emax_0_IC5_mask1_248ms.csv,5,0.3523445129394531
C:\Users\xan37\Downloads\tip_omega_50_Emax_0_IC5_mask2_248ms.csv,5,0.26964569091796875
C:\Users\xan37\Downloads\tip_omega_50_Emax_0_IC5_mask3_248ms.csv,5,0.34992218017578125
C:\Users\xan37\Downloads\tip_omega_50_Emax_0_IC5_mask4_248ms.csv,4,0.349822998046875
C:\Users\xan37\Downloads\tip_omega_50_Emax_0_IC5_mask5_248ms.csv,9,0.4329948425292969
C:\Users\xan37\Downloads\tip_omega_50_Emax_0_IC6_mask1_248ms.csv,2,0.48030853271484375
C:\Users\xan37\Downloads\tip_omega_50_Emax_0_IC6_mask2_248ms.csv,1,0.523895263671875
C:\Users\xan37\Downloads\tip_omega_50_Emax_0_IC6_mask3_248ms.csv,2,0.528594970703125
C:\Users\xan37\Downloads\tip_omega_50_Emax_0_IC6_mask4_248ms.csv,2,0.5325927734375
C:\Users\xan37\Downloads\tip_omega_50_Emax_0_IC6_mask5_248ms.csv,2,0.5032234191894531
C:\Users\xan37\Downloads\tip_omega_50_Emax_0_IC7_mask1_248ms.csv,7,0.2702445983886719
C:\Users\xan37\Downloads\tip_omega_50_Emax_0_IC7_mask2_248ms.csv,6,0.3000335693359375
C:\Users\xan37\Downloads\tip_omega_50_Emax_0_IC7_mask3_248ms.csv,10,0.4455833435058594
C:\Users\xan37\Downloads\tip_omega_50_Emax_0_IC7_mask4_248ms.csv,5,0.25008392333984375
C:\Users\xan37\Downloads\tip_omega_50_Emax_0_IC7_mask5_248ms.csv,8,0.3458709716796875
C:\Users\xan37\Downloads\tip_omega_50_Emax_0_IC8_mask1_248ms.csv,7,0.4962005615234375
C:\Users\xan37\Downloads\tip_omega_50_Emax_0_IC8_mask2_248ms.csv,2,0.4403877258300781
C:\Users\xan37\Downloads\tip_omega_50_Emax_0_IC8_mask3_248ms.csv,2,0.4513511657714844
C:\Users\xan37\Downloads\tip_omega_50_Emax_0_IC8_mask4_248ms.csv,2,0.4415550231933594
C:\Users\xan37\Downloads\tip_omega_50_Emax_0_IC8_mask5_248ms.csv,2,0.4400215148925781
C:\Users\xan37\Downloads\tip_omega_100_Emax_0_IC1_mask1_248ms.csv,3,0.4760894775390625
C:\Users\xan37\Downloads\tip_omega_100_Emax_0_IC1_mask2_248ms.csv,3,0.49861907958984375
C:\Users\xan37\Downloads\tip_omega_100_Emax_0_IC1_mask3_248ms.csv,3,0.4701385498046875
C:\Users\xan37\Downloads\tip_omega_100_Emax_0_IC1_mask4_248ms.csv,3,0.47460174560546875
C:\Users\xan37\Downloads\tip_omega_100_Emax_0_IC1_mask5_248ms.csv,3,0.5215721130371094
C:\Users\xan37\Downloads\tip_omega_100_Emax_0_IC2_mask1_248ms.csv,4,0.3326225280761719
C:\Users\xan37\Downloads\tip_omega_100_Emax_0_IC2_mask2_248ms.csv,4,0.2786064147949219
C:\Users\xan37\Downloads\tip_omega_100_Emax_0_IC2_mask3_248ms.csv,5,0.244598388671875
C:\Users\xan37\Downloads\tip_omega_100_Emax_0_IC2_mask4_248ms.csv,4,0.277801513671875
C:\Users\xan37\Downloads\tip_omega_100_Emax_0_IC2_mask5_248ms.csv,4,0.26947021484375
C:\Users\xan37\Downloads\tip_omega_100_Emax_0_IC3_mask1_248ms.csv,2,0.6064987182617188
C:\Users\xan37\Downloads\tip_omega_100_Emax_0_IC3_mask2_248ms.csv,3,0.547393798828125
C:\Users\xan37\Downloads\tip_omega_100_Emax_0_IC3_mask3_248ms.csv,3,0.5398101806640625
C:\Users\xan37\Downloads\tip_omega_100_Emax_0_IC3_mask4_248ms.csv,3,0.5722808837890625
C:\Users\xan37\Downloads\tip_omega_100_Emax_0_IC3_mask5_248ms.csv,1,0.5414276123046875
C:\Users\xan37\Downloads\tip_omega_100_Emax_0_IC4_mask1_248ms.csv,5,0.4292869567871094
C:\Users\xan37\Downloads\tip_omega_100_Emax_0_IC4_mask2_248ms.csv,6,0.3181266784667969
C:\Users\xan37\Downloads\tip_omega_100_Emax_0_IC4_mask3_248ms.csv,8,0.4477729797363281
C:\Users\xan37\Downloads\tip_omega_100_Emax_0_IC4_mask4_248ms.csv,8,0.4468955993652344
C:\Users\xan37\Downloads\tip_omega_100_Emax_0_IC4_mask5_248ms.csv,11,0.46067047119140625
C:\Users\xan37\Downloads\tip_omega_100_Emax_0_IC5_mask1_248ms.csv,5,0.35225677490234375
C:\Users\xan37\Downloads\tip_omega_100_Emax_0_IC5_mask2_248ms.csv,5,0.269500732421875
C:\Users\xan37\Downloads\tip_omega_100_Emax_0_IC5_mask3_248ms.csv,5,0.3500518798828125
C:\Users\xan37\Downloads\tip_omega_100_Emax_0_IC5_mask4_248ms.csv,4,0.3497428894042969
C:\Users\xan37\Downloads\tip_omega_100_Emax_0_IC5_mask5_248ms.csv,9,0.4283180236816406
C:\Users\xan37\Downloads\tip_omega_100_Emax_0_IC6_mask1_248ms.csv,2,0.4802818298339844
C:\Users\xan37\Downloads\tip_omega_100_Emax_0_IC6_mask2_248ms.csv,1,0.5243797302246094
C:\Users\xan37\Downloads\tip_omega_100_Emax_0_IC6_mask3_248ms.csv,2,0.5283203125
C:\Users\xan37\Downloads\tip_omega_100_Emax_0_IC6_mask4_248ms.csv,2,0.5323905944824219
C:\Users\xan37\Downloads\tip_omega_100_Emax_0_IC6_mask5_248ms.csv,2,0.5030975341796875
C:\Users\xan37\Downloads\tip_omega_100_Emax_0_IC7_mask1_248ms.csv,7,0.2700080871582031
C:\Users\xan37\Downloads\tip_omega_100_Emax_0_IC7_mask2_248ms.csv,6,0.2997474670410156
C:\Users\xan37\Downloads\tip_omega_100_Emax_0_IC7_mask3_248ms.csv,10,0.44513702392578125
C:\Users\xan37\Downloads\tip_omega_100_Emax_0_IC7_mask4_248ms.csv,6,0.2497406005859375
C:\Users\xan37\Downloads\tip_omega_100_Emax_0_IC7_mask5_248ms.csv,8,0.3452873229980469
C:\Users\xan37\Downloads\tip_omega_100_Emax_0_IC8_mask1_248ms.csv,7,0.49640655517578125
C:\Users\xan37\Downloads\tip_omega_100_Emax_0_IC8_mask2_248ms.csv,2,0.4403266906738281
C:\Users\xan37\Downloads\tip_omega_100_Emax_0_IC8_mask3_248ms.csv,2,0.4513511657714844
C:\Users\xan37\Downloads\tip_omega_100_Emax_0_IC8_mask4_248ms.csv,2,0.4416084289550781
C:\Users\xan37\Downloads\tip_omega_100_Emax_0_IC8_mask5_248ms.csv,2,0.4400138854980469
C:\Users\xan37\Downloads\tip_omega_0_Emax_40_IC1_mask1_248ms.csv,1,0.6111526489257812
C:\Users\xan37\Downloads\tip_omega_0_Emax_40_IC1_mask2_248ms.csv,2,0.268402099609375
C:\Users\xan37\Downloads\tip_omega_0_Emax_40_IC1_mask3_248ms.csv,7,0.5081977844238281
C:\Users\xan37\Downloads\tip_omega_0_Emax_40_IC1_mask4_248ms.csv,3,0.6251792907714844
C:\Users\xan37\Downloads\tip_omega_0_Emax_40_IC1_mask5_248ms.csv,2,0.5076866149902344
C:\Users\xan37\Downloads\tip_omega_0_Emax_40_IC2_mask1_248ms.csv,9,0.4932403564453125
C:\Users\xan37\Downloads\tip_omega_0_Emax_40_IC2_mask2_248ms.csv,5,0.40187835693359375
C:\Users\xan37\Downloads\tip_omega_0_Emax_40_IC2_mask3_248ms.csv,11,0.4476737976074219
C:\Users\xan37\Downloads\tip_omega_0_Emax_40_IC2_mask4_248ms.csv,10,0.4832115173339844
C:\Users\xan37\Downloads\tip_omega_0_Emax_40_IC2_mask5_248ms.csv,10,0.4738616943359375
C:\Users\xan37\Downloads\tip_omega_0_Emax_40_IC3_mask1_248ms.csv,6,0.594024658203125
C:\Users\xan37\Downloads\tip_omega_0_Emax_40_IC3_mask2_248ms.csv,10,0.6164474487304688
C:\Users\xan37\Downloads\tip_omega_0_Emax_40_IC3_mask3_248ms.csv,7,0.6031379699707031
C:\Users\xan37\Downloads\tip_omega_0_Emax_40_IC3_mask4_248ms.csv,6,0.4957847595214844
C:\Users\xan37\Downloads\tip_omega_0_Emax_40_IC3_mask5_248ms.csv,5,0.562408447265625
C:\Users\xan37\Downloads\tip_omega_0_Emax_40_IC4_mask1_248ms.csv,6,0.3618011474609375
C:\Users\xan37\Downloads\tip_omega_0_Emax_40_IC4_mask2_248ms.csv,7,0.5696449279785156
C:\Users\xan37\Downloads\tip_omega_0_Emax_40_IC4_mask3_248ms.csv,2,0.47564697265625
C:\Users\xan37\Downloads\tip_omega_0_Emax_40_IC4_mask4_248ms.csv,4,0.4875221252441406
C:\Users\xan37\Downloads\tip_omega_0_Emax_40_IC4_mask5_248ms.csv,2,0.5648269653320312
C:\Users\xan37\Downloads\tip_omega_0_Emax_40_IC5_mask1_248ms.csv,4,0.3421897888183594
C:\Users\xan37\Downloads\tip_omega_0_Emax_40_IC5_mask2_248ms.csv,8,0.4805145263671875
C:\Users\xan37\Downloads\tip_omega_0_Emax_40_IC5_mask3_248ms.csv,7,0.414306640625
C:\Users\xan37\Downloads\tip_omega_0_Emax_40_IC5_mask4_248ms.csv,8,0.581573486328125
C:\Users\xan37\Downloads\tip_omega_0_Emax_40_IC5_mask5_248ms.csv,6,0.6166763305664062
C:\Users\xan37\Downloads\tip_omega_0_Emax_40_IC6_mask1_248ms.csv,0,0.019222259521484375
C:\Users\xan37\Downloads\tip_omega_0_Emax_40_IC6_mask2_248ms.csv,8,0.4871063232421875
C:\Users\xan37\Downloads\tip_omega_0_Emax_40_IC6_mask3_248ms.csv,0,0.016498565673828125
C:\Users\xan37\Downloads\tip_omega_0_Emax_40_IC6_mask4_248ms.csv,3,0.2790794372558594
C:\Users\xan37\Downloads\tip_omega_0_Emax_40_IC6_mask5_248ms.csv,4,0.5633163452148438
C:\Users\xan37\Downloads\tip_omega_0_Emax_40_IC7_mask1_248ms.csv,9,0.4692192077636719
C:\Users\xan37\Downloads\tip_omega_0_Emax_40_IC7_mask2_248ms.csv,5,0.3903923034667969
C:\Users\xan37\Downloads\tip_omega_0_Emax_40_IC7_mask3_248ms.csv,7,0.4228248596191406
C:\Users\xan37\Downloads\tip_omega_0_Emax_40_IC7_mask4_248ms.csv,6,0.23560333251953125
C:\Users\xan37\Downloads\tip_omega_0_Emax_40_IC7_mask5_248ms.csv,7,0.5053520202636719
C:\Users\xan37\Downloads\tip_omega_0_Emax_40_IC8_mask1_248ms.csv,4,0.3101959228515625
C:\Users\xan37\Downloads\tip_omega_0_Emax_40_IC8_mask2_248ms.csv,9,0.4477958679199219
C:\Users\xan37\Downloads\tip_omega_0_Emax_40_IC8_mask3_248ms.csv,12,0.44881439208984375
C:\Users\xan37\Downloads\tip_omega_0_Emax_40_IC8_mask4_248ms.csv,9,0.5927467346191406
C:\Users\xan37\Downloads\tip_omega_0_Emax_40_IC8_mask5_248ms.csv,9,0.5596542358398438
C:\Users\xan37\Downloads\tip_omega_50_Emax_40_IC1_mask1_248ms.csv,2,0.6031455993652344
C:\Users\xan37\Downloads\tip_omega_50_Emax_40_IC1_mask2_248ms.csv,0,0.02059173583984375
C:\Users\xan37\Downloads\tip_omega_50_Emax_40_IC1_mask3_248ms.csv,2,0.597564697265625
C:\Users\xan37\Downloads\tip_omega_50_Emax_40_IC1_mask4_248ms.csv,2,0.6183509826660156
C:\Users\xan37\Downloads\tip_omega_50_Emax_40_IC1_mask5_248ms.csv,2,0.6064491271972656
C:\Users\xan37\Downloads\tip_omega_50_Emax_40_IC2_mask1_248ms.csv,9,0.4330406188964844
C:\Users\xan37\Downloads\tip_omega_50_Emax_40_IC2_mask2_248ms.csv,7,0.4220428466796875
C:\Users\xan37\Downloads\tip_omega_50_Emax_40_IC2_mask3_248ms.csv,13,0.4442329406738281
C:\Users\xan37\Downloads\tip_omega_50_Emax_40_IC2_mask4_248ms.csv,13,0.48400115966796875
C:\Users\xan37\Downloads\tip_omega_50_Emax_40_IC2_mask5_248ms.csv,11,0.44293212890625
C:\Users\xan37\Downloads\tip_omega_50_Emax_40_IC3_mask1_248ms.csv,7,0.5897407531738281
C:\Users\xan37\Downloads\tip_omega_50_Emax_40_IC3_mask2_248ms.csv,7,0.6195259094238281
C:\Users\xan37\Downloads\tip_omega_50_Emax_40_IC3_mask3_248ms.csv,7,0.605621337890625
C:\Users\xan37\Downloads\tip_omega_50_Emax_40_IC3_mask4_248ms.csv,9,0.513458251953125
C:\Users\xan37\Downloads\tip_omega_50_Emax_40_IC3_mask5_248ms.csv,7,0.5677146911621094
C:\Users\xan37\Downloads\tip_omega_50_Emax_40_IC4_mask1_248ms.csv,5,0.33693695068359375
C:\Users\xan37\Downloads\tip_omega_50_Emax_40_IC4_mask2_248ms.csv,8,0.5452346801757812
C:\Users\xan37\Downloads\tip_omega_50_Emax_40_IC4_mask3_248ms.csv,4,0.44188690185546875
C:\Users\xan37\Downloads\tip_omega_50_Emax_40_IC4_mask4_248ms.csv,4,0.4708518981933594
C:\Users\xan37\Downloads\tip_omega_50_Emax_40_IC4_mask5_248ms.csv,2,0.5409011840820312
C:\Users\xan37\Downloads\tip_omega_50_Emax_40_IC5_mask1_248ms.csv,9,0.47716522216796875
C:\Users\xan37\Downloads\tip_omega_50_Emax_40_IC5_mask2_248ms.csv,9,0.4949378967285156
C:\Users\xan37\Downloads\tip_omega_50_Emax_40_IC5_mask3_248ms.csv,1,0.213226318359375
C:\Users\xan37\Downloads\tip_omega_50_Emax_40_IC5_mask4_248ms.csv,7,0.6144180297851562
C:\Users\xan37\Downloads\tip_omega_50_Emax_40_IC5_mask5_248ms.csv,9,0.6445846557617188
C:\Users\xan37\Downloads\tip_omega_50_Emax_40_IC6_mask1_248ms.csv,2,0.32627105712890625
C:\Users\xan37\Downloads\tip_omega_50_Emax_40_IC6_mask2_248ms.csv,5,0.559539794921875
C:\Users\xan37\Downloads\tip_omega_50_Emax_40_IC6_mask3_248ms.csv,2,0.3372230529785156
C:\Users\xan37\Downloads\tip_omega_50_Emax_40_IC6_mask4_248ms.csv,2,0.3419303894042969
C:\Users\xan37\Downloads\tip_omega_50_Emax_40_IC6_mask5_248ms.csv,2,0.6252326965332031
C:\Users\xan37\Downloads\tip_omega_50_Emax_40_IC7_mask1_248ms.csv,8,0.4616966247558594
C:\Users\xan37\Downloads\tip_omega_50_Emax_40_IC7_mask2_248ms.csv,7,0.43737030029296875
C:\Users\xan37\Downloads\tip_omega_50_Emax_40_IC7_mask3_248ms.csv,5,0.5332679748535156
C:\Users\xan37\Downloads\tip_omega_50_Emax_40_IC7_mask4_248ms.csv,10,0.4801483154296875
C:\Users\xan37\Downloads\tip_omega_50_Emax_40_IC7_mask5_248ms.csv,6,0.5233421325683594
C:\Users\xan37\Downloads\tip_omega_50_Emax_40_IC8_mask1_248ms.csv,4,0.3262367248535156
C:\Users\xan37\Downloads\tip_omega_50_Emax_40_IC8_mask2_248ms.csv,8,0.4022636413574219
C:\Users\xan37\Downloads\tip_omega_50_Emax_40_IC8_mask3_248ms.csv,10,0.5738334655761719
C:\Users\xan37\Downloads\tip_omega_50_Emax_40_IC8_mask4_248ms.csv,10,0.5737953186035156
C:\Users\xan37\Downloads\tip_omega_50_Emax_40_IC8_mask5_248ms.csv,8,0.5470008850097656
C:\Users\xan37\Downloads\tip_omega_100_Emax_40_IC1_mask1_248ms.csv,5,0.5471267700195312
C:\Users\xan37\Downloads\tip_omega_100_Emax_40_IC1_mask2_248ms.csv,0,0.021808624267578125
C:\Users\xan37\Downloads\tip_omega_100_Emax_40_IC1_mask3_248ms.csv,4,0.5591926574707031
C:\Users\xan37\Downloads\tip_omega_100_Emax_40_IC1_mask4_248ms.csv,5,0.5334892272949219
C:\Users\xan37\Downloads\tip_omega_100_Emax_40_IC1_mask5_248ms.csv,2,0.5545806884765625
C:\Users\xan37\Downloads\tip_omega_100_Emax_40_IC2_mask1_248ms.csv,7,0.4502906799316406
C:\Users\xan37\Downloads\tip_omega_100_Emax_40_IC2_mask2_248ms.csv,5,0.5189399719238281
C:\Users\xan37\Downloads\tip_omega_100_Emax_40_IC2_mask3_248ms.csv,11,0.4994621276855469
C:\Users\xan37\Downloads\tip_omega_100_Emax_40_IC2_mask4_248ms.csv,13,0.45290374755859375
C:\Users\xan37\Downloads\tip_omega_100_Emax_40_IC2_mask5_248ms.csv,7,0.388031005859375
C:\Users\xan37\Downloads\tip_omega_100_Emax_40_IC3_mask1_248ms.csv,4,0.5673027038574219
C:\Users\xan37\Downloads\tip_omega_100_Emax_40_IC3_mask2_248ms.csv,7,0.6263275146484375
C:\Users\xan37\Downloads\tip_omega_100_Emax_40_IC3_mask3_248ms.csv,7,0.5995941162109375
C:\Users\xan37\Downloads\tip_omega_100_Emax_40_IC3_mask4_248ms.csv,7,0.5048103332519531
C:\Users\xan37\Downloads\tip_omega_100_Emax_40_IC3_mask5_248ms.csv,8,0.6045417785644531
C:\Users\xan37\Downloads\tip_omega_100_Emax_40_IC4_mask1_248ms.csv,5,0.4156951904296875
C:\Users\xan37\Downloads\tip_omega_100_Emax_40_IC4_mask2_248ms.csv,9,0.5304183959960938
C:\Users\xan37\Downloads\tip_omega_100_Emax_40_IC4_mask3_248ms.csv,2,0.45847320556640625
C:\Users\xan37\Downloads\tip_omega_100_Emax_40_IC4_mask4_248ms.csv,4,0.42655181884765625
C:\Users\xan37\Downloads\tip_omega_100_Emax_40_IC4_mask5_248ms.csv,3,0.493682861328125
C:\Users\xan37\Downloads\tip_omega_100_Emax_40_IC5_mask1_248ms.csv,8,0.5664596557617188
C:\Users\xan37\Downloads\tip_omega_100_Emax_40_IC5_mask2_248ms.csv,5,0.39238739013671875
C:\Users\xan37\Downloads\tip_omega_100_Emax_40_IC5_mask3_248ms.csv,1,0.23410797119140625
C:\Users\xan37\Downloads\tip_omega_100_Emax_40_IC5_mask4_248ms.csv,6,0.4569358825683594
C:\Users\xan37\Downloads\tip_omega_100_Emax_40_IC5_mask5_248ms.csv,8,0.4671440124511719
C:\Users\xan37\Downloads\tip_omega_100_Emax_40_IC6_mask1_248ms.csv,3,0.294677734375
C:\Users\xan37\Downloads\tip_omega_100_Emax_40_IC6_mask2_248ms.csv,4,0.5869560241699219
C:\Users\xan37\Downloads\tip_omega_100_Emax_40_IC6_mask3_248ms.csv,2,0.3429985046386719
C:\Users\xan37\Downloads\tip_omega_100_Emax_40_IC6_mask4_248ms.csv,4,0.527557373046875
C:\Users\xan37\Downloads\tip_omega_100_Emax_40_IC6_mask5_248ms.csv,1,0.6251220703125
C:\Users\xan37\Downloads\tip_omega_100_Emax_40_IC7_mask1_248ms.csv,3,0.5401802062988281
C:\Users\xan37\Downloads\tip_omega_100_Emax_40_IC7_mask2_248ms.csv,7,0.4836692810058594
C:\Users\xan37\Downloads\tip_omega_100_Emax_40_IC7_mask3_248ms.csv,8,0.4659767150878906
C:\Users\xan37\Downloads\tip_omega_100_Emax_40_IC7_mask4_248ms.csv,7,0.4094810485839844
C:\Users\xan37\Downloads\tip_omega_100_Emax_40_IC7_mask5_248ms.csv,5,0.5150718688964844
C:\Users\xan37\Downloads\tip_omega_100_Emax_40_IC8_mask1_248ms.csv,7,0.5145416259765625
C:\Users\xan37\Downloads\tip_omega_100_Emax_40_IC8_mask2_248ms.csv,7,0.5520401000976562
C:\Users\xan37\Downloads\tip_omega_100_Emax_40_IC8_mask3_248ms.csv,8,0.454925537109375
C:\Users\xan37\Downloads\tip_omega_100_Emax_40_IC8_mask4_248ms.csv,7,0.5115013122558594
C:\Users\xan37\Downloads\tip_omega_100_Emax_40_IC8_mask5_248ms.csv,7,0.4944114685058594
C:\Users\xan37\Downloads\tip_omega_0_Emax_80_IC1_mask1_248ms.csv,6,0.6179847717285156
C:\Users\xan37\Downloads\tip_omega_0_Emax_80_IC1_mask2_248ms.csv,2,0.5680580139160156
C:\Users\xan37\Downloads\tip_omega_0_Emax_80_IC1_mask3_248ms.csv,3,0.5233840942382812
C:\Users\xan37\Downloads\tip_omega_0_Emax_80_IC1_mask4_248ms.csv,2,0.5393867492675781
C:\Users\xan37\Downloads\tip_omega_0_Emax_80_IC1_mask5_248ms.csv,6,0.5408210754394531
C:\Users\xan37\Downloads\tip_omega_0_Emax_80_IC2_mask1_248ms.csv,11,0.5028114318847656
C:\Users\xan37\Downloads\tip_omega_0_Emax_80_IC2_mask2_248ms.csv,12,0.5793342590332031
C:\Users\xan37\Downloads\tip_omega_0_Emax_80_IC2_mask3_248ms.csv,8,0.4750328063964844
C:\Users\xan37\Downloads\tip_omega_0_Emax_80_IC2_mask4_248ms.csv,8,0.6150856018066406
C:\Users\xan37\Downloads\tip_omega_0_Emax_80_IC2_mask5_248ms.csv,8,0.54791259765625
C:\Users\xan37\Downloads\tip_omega_0_Emax_80_IC3_mask1_248ms.csv,4,0.49610137939453125
C:\Users\xan37\Downloads\tip_omega_0_Emax_80_IC3_mask2_248ms.csv,6,0.6580543518066406
C:\Users\xan37\Downloads\tip_omega_0_Emax_80_IC3_mask3_248ms.csv,8,0.6260833740234375
C:\Users\xan37\Downloads\tip_omega_0_Emax_80_IC3_mask4_248ms.csv,8,0.5017318725585938
C:\Users\xan37\Downloads\tip_omega_0_Emax_80_IC3_mask5_248ms.csv,5,0.6193199157714844
C:\Users\xan37\Downloads\tip_omega_0_Emax_80_IC4_mask1_248ms.csv,7,0.5663299560546875
C:\Users\xan37\Downloads\tip_omega_0_Emax_80_IC4_mask2_248ms.csv,6,0.5535392761230469
C:\Users\xan37\Downloads\tip_omega_0_Emax_80_IC4_mask3_248ms.csv,2,0.49423980712890625
C:\Users\xan37\Downloads\tip_omega_0_Emax_80_IC4_mask4_248ms.csv,3,0.5629615783691406
C:\Users\xan37\Downloads\tip_omega_0_Emax_80_IC4_mask5_248ms.csv,6,0.4083251953125
C:\Users\xan37\Downloads\tip_omega_0_Emax_80_IC5_mask1_248ms.csv,6,0.6427536010742188
C:\Users\xan37\Downloads\tip_omega_0_Emax_80_IC5_mask2_248ms.csv,6,0.2999610900878906
C:\Users\xan37\Downloads\tip_omega_0_Emax_80_IC5_mask3_248ms.csv,4,0.3217124938964844
C:\Users\xan37\Downloads\tip_omega_0_Emax_80_IC5_mask4_248ms.csv,8,0.5888175964355469
C:\Users\xan37\Downloads\tip_omega_0_Emax_80_IC5_mask5_248ms.csv,12,0.6119346618652344
C:\Users\xan37\Downloads\tip_omega_0_Emax_80_IC6_mask1_248ms.csv,0,0.019451141357421875
C:\Users\xan37\Downloads\tip_omega_0_Emax_80_IC6_mask2_248ms.csv,11,0.4154205322265625
C:\Users\xan37\Downloads\tip_omega_0_Emax_80_IC6_mask3_248ms.csv,0,0.031490325927734375
C:\Users\xan37\Downloads\tip_omega_0_Emax_80_IC6_mask4_248ms.csv,7,0.378448486328125
C:\Users\xan37\Downloads\tip_omega_0_Emax_80_IC6_mask5_248ms.csv,4,0.5815048217773438
C:\Users\xan37\Downloads\tip_omega_0_Emax_80_IC7_mask1_248ms.csv,3,0.47333526611328125
C:\Users\xan37\Downloads\tip_omega_0_Emax_80_IC7_mask2_248ms.csv,6,0.5376510620117188
C:\Users\xan37\Downloads\tip_omega_0_Emax_80_IC7_mask3_248ms.csv,4,0.34499359130859375
C:\Users\xan37\Downloads\tip_omega_0_Emax_80_IC7_mask4_248ms.csv,8,0.3421783447265625
C:\Users\xan37\Downloads\tip_omega_0_Emax_80_IC7_mask5_248ms.csv,5,0.4780998229980469
C:\Users\xan37\Downloads\tip_omega_0_Emax_80_IC8_mask1_248ms.csv,3,0.2583427429199219
C:\Users\xan37\Downloads\tip_omega_0_Emax_80_IC8_mask2_248ms.csv,9,0.4963531494140625
C:\Users\xan37\Downloads\tip_omega_0_Emax_80_IC8_mask3_248ms.csv,0,0.04024505615234375
C:\Users\xan37\Downloads\tip_omega_0_Emax_80_IC8_mask4_248ms.csv,10,0.5155487060546875
C:\Users\xan37\Downloads\tip_omega_0_Emax_80_IC8_mask5_248ms.csv,4,0.4659690856933594
C:\Users\xan37\Downloads\tip_omega_50_Emax_80_IC1_mask1_248ms.csv,4,0.5170135498046875
C:\Users\xan37\Downloads\tip_omega_50_Emax_80_IC1_mask2_248ms.csv,0,0.2700386047363281
C:\Users\xan37\Downloads\tip_omega_50_Emax_80_IC1_mask3_248ms.csv,1,0.4839935302734375
C:\Users\xan37\Downloads\tip_omega_50_Emax_80_IC1_mask4_248ms.csv,5,0.5733413696289062
C:\Users\xan37\Downloads\tip_omega_50_Emax_80_IC1_mask5_248ms.csv,4,0.5262374877929688
C:\Users\xan37\Downloads\tip_omega_50_Emax_80_IC2_mask1_248ms.csv,10,0.5190048217773438
C:\Users\xan37\Downloads\tip_omega_50_Emax_80_IC2_mask2_248ms.csv,9,0.5561065673828125
C:\Users\xan37\Downloads\tip_omega_50_Emax_80_IC2_mask3_248ms.csv,8,0.5416831970214844
C:\Users\xan37\Downloads\tip_omega_50_Emax_80_IC2_mask4_248ms.csv,10,0.6185340881347656
C:\Users\xan37\Downloads\tip_omega_50_Emax_80_IC2_mask5_248ms.csv,7,0.5532455444335938
C:\Users\xan37\Downloads\tip_omega_50_Emax_80_IC3_mask1_248ms.csv,1,0.516693115234375
C:\Users\xan37\Downloads\tip_omega_50_Emax_80_IC3_mask2_248ms.csv,10,0.5456581115722656
C:\Users\xan37\Downloads\tip_omega_50_Emax_80_IC3_mask3_248ms.csv,7,0.5936470031738281
C:\Users\xan37\Downloads\tip_omega_50_Emax_80_IC3_mask4_248ms.csv,11,0.56585693359375
C:\Users\xan37\Downloads\tip_omega_50_Emax_80_IC3_mask5_248ms.csv,6,0.6261825561523438
C:\Users\xan37\Downloads\tip_omega_50_Emax_80_IC4_mask1_248ms.csv,8,0.5950241088867188
C:\Users\xan37\Downloads\tip_omega_50_Emax_80_IC4_mask2_248ms.csv,6,0.4572410583496094
C:\Users\xan37\Downloads\tip_omega_50_Emax_80_IC4_mask3_248ms.csv,2,0.5414848327636719
C:\Users\xan37\Downloads\tip_omega_50_Emax_80_IC4_mask4_248ms.csv,2,0.5408248901367188
C:\Users\xan37\Downloads\tip_omega_50_Emax_80_IC4_mask5_248ms.csv,5,0.40967559814453125
C:\Users\xan37\Downloads\tip_omega_50_Emax_80_IC5_mask1_248ms.csv,5,0.6430625915527344
C:\Users\xan37\Downloads\tip_omega_50_Emax_80_IC5_mask2_248ms.csv,13,0.3185005187988281
C:\Users\xan37\Downloads\tip_omega_50_Emax_80_IC5_mask3_248ms.csv,5,0.49982452392578125
C:\Users\xan37\Downloads\tip_omega_50_Emax_80_IC5_mask4_248ms.csv,8,0.5035057067871094
C:\Users\xan37\Downloads\tip_omega_50_Emax_80_IC5_mask5_248ms.csv,11,0.5417098999023438
C:\Users\xan37\Downloads\tip_omega_50_Emax_80_IC6_mask1_248ms.csv,10,0.4870109558105469
C:\Users\xan37\Downloads\tip_omega_50_Emax_80_IC6_mask2_248ms.csv,8,0.3798103332519531
C:\Users\xan37\Downloads\tip_omega_50_Emax_80_IC6_mask3_248ms.csv,8,0.4755439758300781
C:\Users\xan37\Downloads\tip_omega_50_Emax_80_IC6_mask4_248ms.csv,10,0.528533935546875
C:\Users\xan37\Downloads\tip_omega_50_Emax_80_IC6_mask5_248ms.csv,2,0.566619873046875
C:\Users\xan37\Downloads\tip_omega_50_Emax_80_IC7_mask1_248ms.csv,5,0.4313507080078125
C:\Users\xan37\Downloads\tip_omega_50_Emax_80_IC7_mask2_248ms.csv,6,0.4866600036621094
C:\Users\xan37\Downloads\tip_omega_50_Emax_80_IC7_mask3_248ms.csv,8,0.5747909545898438
C:\Users\xan37\Downloads\tip_omega_50_Emax_80_IC7_mask4_248ms.csv,9,0.3671722412109375
C:\Users\xan37\Downloads\tip_omega_50_Emax_80_IC7_mask5_248ms.csv,9,0.4562721252441406
C:\Users\xan37\Downloads\tip_omega_50_Emax_80_IC8_mask1_248ms.csv,7,0.3169441223144531
C:\Users\xan37\Downloads\tip_omega_50_Emax_80_IC8_mask2_248ms.csv,4,0.43524169921875
C:\Users\xan37\Downloads\tip_omega_50_Emax_80_IC8_mask3_248ms.csv,1,0.09344482421875
C:\Users\xan37\Downloads\tip_omega_50_Emax_80_IC8_mask4_248ms.csv,7,0.3356208801269531
C:\Users\xan37\Downloads\tip_omega_50_Emax_80_IC8_mask5_248ms.csv,4,0.44824981689453125
C:\Users\xan37\Downloads\tip_omega_100_Emax_80_IC1_mask1_248ms.csv,3,0.41588592529296875
C:\Users\xan37\Downloads\tip_omega_100_Emax_80_IC1_mask2_248ms.csv,5,0.4176750183105469
C:\Users\xan37\Downloads\tip_omega_100_Emax_80_IC1_mask3_248ms.csv,1,0.39450836181640625
C:\Users\xan37\Downloads\tip_omega_100_Emax_80_IC1_mask4_248ms.csv,5,0.5454788208007812
C:\Users\xan37\Downloads\tip_omega_100_Emax_80_IC1_mask5_248ms.csv,4,0.4959449768066406
C:\Users\xan37\Downloads\tip_omega_100_Emax_80_IC2_mask1_248ms.csv,7,0.5257682800292969
C:\Users\xan37\Downloads\tip_omega_100_Emax_80_IC2_mask2_248ms.csv,10,0.5981407165527344
C:\Users\xan37\Downloads\tip_omega_100_Emax_80_IC2_mask3_248ms.csv,4,0.5014762878417969
C:\Users\xan37\Downloads\tip_omega_100_Emax_80_IC2_mask4_248ms.csv,13,0.6321296691894531
C:\Users\xan37\Downloads\tip_omega_100_Emax_80_IC2_mask5_248ms.csv,9,0.5139656066894531
C:\Users\xan37\Downloads\tip_omega_100_Emax_80_IC3_mask1_248ms.csv,2,0.5414314270019531
C:\Users\xan37\Downloads\tip_omega_100_Emax_80_IC3_mask2_248ms.csv,8,0.6766357421875
C:\Users\xan37\Downloads\tip_omega_100_Emax_80_IC3_mask3_248ms.csv,6,0.5263328552246094
C:\Users\xan37\Downloads\tip_omega_100_Emax_80_IC3_mask4_248ms.csv,11,0.5429649353027344
C:\Users\xan37\Downloads\tip_omega_100_Emax_80_IC3_mask5_248ms.csv,9,0.5790481567382812
C:\Users\xan37\Downloads\tip_omega_100_Emax_80_IC4_mask1_248ms.csv,7,0.47539520263671875
C:\Users\xan37\Downloads\tip_omega_100_Emax_80_IC4_mask2_248ms.csv,6,0.42235565185546875
C:\Users\xan37\Downloads\tip_omega_100_Emax_80_IC4_mask3_248ms.csv,5,0.5305328369140625
C:\Users\xan37\Downloads\tip_omega_100_Emax_80_IC4_mask4_248ms.csv,2,0.5066299438476562
C:\Users\xan37\Downloads\tip_omega_100_Emax_80_IC4_mask5_248ms.csv,4,0.49449920654296875
C:\Users\xan37\Downloads\tip_omega_100_Emax_80_IC5_mask1_248ms.csv,8,0.6822013854980469
C:\Users\xan37\Downloads\tip_omega_100_Emax_80_IC5_mask2_248ms.csv,3,0.20745849609375
C:\Users\xan37\Downloads\tip_omega_100_Emax_80_IC5_mask3_248ms.csv,9,0.53466796875
C:\Users\xan37\Downloads\tip_omega_100_Emax_80_IC5_mask4_248ms.csv,5,0.4168548583984375
C:\Users\xan37\Downloads\tip_omega_100_Emax_80_IC5_mask5_248ms.csv,6,0.3441276550292969
C:\Users\xan37\Downloads\tip_omega_100_Emax_80_IC6_mask1_248ms.csv,8,0.5934638977050781
C:\Users\xan37\Downloads\tip_omega_100_Emax_80_IC6_mask2_248ms.csv,10,0.3893890380859375
C:\Users\xan37\Downloads\tip_omega_100_Emax_80_IC6_mask3_248ms.csv,6,0.30300140380859375
C:\Users\xan37\Downloads\tip_omega_100_Emax_80_IC6_mask4_248ms.csv,10,0.5506095886230469
C:\Users\xan37\Downloads\tip_omega_100_Emax_80_IC6_mask5_248ms.csv,6,0.5934486389160156
C:\Users\xan37\Downloads\tip_omega_100_Emax_80_IC7_mask1_248ms.csv,5,0.5319099426269531
C:\Users\xan37\Downloads\tip_omega_100_Emax_80_IC7_mask2_248ms.csv,4,0.46527862548828125
C:\Users\xan37\Downloads\tip_omega_100_Emax_80_IC7_mask3_248ms.csv,12,0.577606201171875
C:\Users\xan37\Downloads\tip_omega_100_Emax_80_IC7_mask4_248ms.csv,9,0.4486236572265625
C:\Users\xan37\Downloads\tip_omega_100_Emax_80_IC7_mask5_248ms.csv,5,0.4676666259765625
C:\Users\xan37\Downloads\tip_omega_100_Emax_80_IC8_mask1_248ms.csv,3,0.22734832763671875
C:\Users\xan37\Downloads\tip_omega_100_Emax_80_IC8_mask2_248ms.csv,5,0.4905967712402344
C:\Users\xan37\Downloads\tip_omega_100_Emax_80_IC8_mask3_248ms.csv,1,0.09159088134765625
C:\Users\xan37\Downloads\tip_omega_100_Emax_80_IC8_mask4_248ms.csv,7,0.3467674255371094
C:\Users\xan37\Downloads\tip_omega_100_Emax_80_IC8_mask5_248ms.csv,4,0.11017990112304688
C:\Users\xan37\Downloads\tip_omega_0_Emax_120_IC1_mask1_248ms.csv,12,0.5469207763671875
C:\Users\xan37\Downloads\tip_omega_0_Emax_120_IC1_mask2_248ms.csv,4,0.28499603271484375
C:\Users\xan37\Downloads\tip_omega_0_Emax_120_IC1_mask3_248ms.csv,6,0.5801124572753906
C:\Users\xan37\Downloads\tip_omega_0_Emax_120_IC1_mask4_248ms.csv,1,0.5200843811035156
C:\Users\xan37\Downloads\tip_omega_0_Emax_120_IC1_mask5_248ms.csv,5,0.3351173400878906
C:\Users\xan37\Downloads\tip_omega_0_Emax_120_IC2_mask1_248ms.csv,10,0.5810203552246094
C:\Users\xan37\Downloads\tip_omega_0_Emax_120_IC2_mask2_248ms.csv,19,0.5574760437011719
C:\Users\xan37\Downloads\tip_omega_0_Emax_120_IC2_mask3_248ms.csv,7,0.5547904968261719
C:\Users\xan37\Downloads\tip_omega_0_Emax_120_IC2_mask4_248ms.csv,9,0.5198822021484375
C:\Users\xan37\Downloads\tip_omega_0_Emax_120_IC2_mask5_248ms.csv,8,0.4695701599121094
C:\Users\xan37\Downloads\tip_omega_0_Emax_120_IC3_mask1_248ms.csv,8,0.5236740112304688
C:\Users\xan37\Downloads\tip_omega_0_Emax_120_IC3_mask2_248ms.csv,9,0.5557594299316406
C:\Users\xan37\Downloads\tip_omega_0_Emax_120_IC3_mask3_248ms.csv,10,0.6323432922363281
C:\Users\xan37\Downloads\tip_omega_0_Emax_120_IC3_mask4_248ms.csv,7,0.449462890625
C:\Users\xan37\Downloads\tip_omega_0_Emax_120_IC3_mask5_248ms.csv,0,0.0389556884765625
C:\Users\xan37\Downloads\tip_omega_0_Emax_120_IC4_mask1_248ms.csv,9,0.5588912963867188
C:\Users\xan37\Downloads\tip_omega_0_Emax_120_IC4_mask2_248ms.csv,11,0.44208526611328125
C:\Users\xan37\Downloads\tip_omega_0_Emax_120_IC4_mask3_248ms.csv,4,0.5535430908203125
C:\Users\xan37\Downloads\tip_omega_0_Emax_120_IC4_mask4_248ms.csv,7,0.5425834655761719
C:\Users\xan37\Downloads\tip_omega_0_Emax_120_IC4_mask5_248ms.csv,12,0.3907928466796875
C:\Users\xan37\Downloads\tip_omega_0_Emax_120_IC5_mask1_248ms.csv,4,0.6080741882324219
C:\Users\xan37\Downloads\tip_omega_0_Emax_120_IC5_mask2_248ms.csv,4,0.3440208435058594
C:\Users\xan37\Downloads\tip_omega_0_Emax_120_IC5_mask3_248ms.csv,8,0.5032272338867188
C:\Users\xan37\Downloads\tip_omega_0_Emax_120_IC5_mask4_248ms.csv,9,0.5409278869628906
C:\Users\xan37\Downloads\tip_omega_0_Emax_120_IC5_mask5_248ms.csv,3,0.26634979248046875
C:\Users\xan37\Downloads\tip_omega_0_Emax_120_IC6_mask1_248ms.csv,0,0.043506622314453125
C:\Users\xan37\Downloads\tip_omega_0_Emax_120_IC6_mask2_248ms.csv,0,0.055908203125
C:\Users\xan37\Downloads\tip_omega_0_Emax_120_IC6_mask3_248ms.csv,6,0.4274101257324219
C:\Users\xan37\Downloads\tip_omega_0_Emax_120_IC6_mask4_248ms.csv,5,0.34417724609375
C:\Users\xan37\Downloads\tip_omega_0_Emax_120_IC6_mask5_248ms.csv,0,0.049701690673828125
C:\Users\xan37\Downloads\tip_omega_0_Emax_120_IC7_mask1_248ms.csv,4,0.4486503601074219
C:\Users\xan37\Downloads\tip_omega_0_Emax_120_IC7_mask2_248ms.csv,4,0.4877891540527344
C:\Users\xan37\Downloads\tip_omega_0_Emax_120_IC7_mask3_248ms.csv,12,0.6193695068359375
C:\Users\xan37\Downloads\tip_omega_0_Emax_120_IC7_mask4_248ms.csv,5,0.4186286926269531
C:\Users\xan37\Downloads\tip_omega_0_Emax_120_IC7_mask5_248ms.csv,5,0.4802055358886719
C:\Users\xan37\Downloads\tip_omega_0_Emax_120_IC8_mask1_248ms.csv,4,0.5788421630859375
C:\Users\xan37\Downloads\tip_omega_0_Emax_120_IC8_mask2_248ms.csv,5,0.5647544860839844
C:\Users\xan37\Downloads\tip_omega_0_Emax_120_IC8_mask3_248ms.csv,13,0.5784378051757812
C:\Users\xan37\Downloads\tip_omega_0_Emax_120_IC8_mask4_248ms.csv,13,0.57861328125
C:\Users\xan37\Downloads\tip_omega_0_Emax_120_IC8_mask5_248ms.csv,0,0.05594635009765625
C:\Users\xan37\Downloads\tip_omega_50_Emax_120_IC1_mask1_248ms.csv,7,0.6012840270996094
C:\Users\xan37\Downloads\tip_omega_50_Emax_120_IC1_mask2_248ms.csv,0,0.036472320556640625
C:\Users\xan37\Downloads\tip_omega_50_Emax_120_IC1_mask3_248ms.csv,6,0.38715362548828125
C:\Users\xan37\Downloads\tip_omega_50_Emax_120_IC1_mask4_248ms.csv,5,0.5564041137695312
C:\Users\xan37\Downloads\tip_omega_50_Emax_120_IC1_mask5_248ms.csv,2,0.6381263732910156
C:\Users\xan37\Downloads\tip_omega_50_Emax_120_IC2_mask1_248ms.csv,9,0.5632553100585938
C:\Users\xan37\Downloads\tip_omega_50_Emax_120_IC2_mask2_248ms.csv,13,0.5096168518066406
C:\Users\xan37\Downloads\tip_omega_50_Emax_120_IC2_mask3_248ms.csv,8,0.6426658630371094
C:\Users\xan37\Downloads\tip_omega_50_Emax_120_IC2_mask4_248ms.csv,13,0.6763191223144531
C:\Users\xan37\Downloads\tip_omega_50_Emax_120_IC2_mask5_248ms.csv,14,0.5600013732910156
C:\Users\xan37\Downloads\tip_omega_50_Emax_120_IC3_mask1_248ms.csv,5,0.5005111694335938
C:\Users\xan37\Downloads\tip_omega_50_Emax_120_IC3_mask2_248ms.csv,10,0.5626220703125
C:\Users\xan37\Downloads\tip_omega_50_Emax_120_IC3_mask3_248ms.csv,10,0.6371498107910156
C:\Users\xan37\Downloads\tip_omega_50_Emax_120_IC3_mask4_248ms.csv,7,0.4836235046386719
C:\Users\xan37\Downloads\tip_omega_50_Emax_120_IC3_mask5_248ms.csv,8,0.5573463439941406
C:\Users\xan37\Downloads\tip_omega_50_Emax_120_IC4_mask1_248ms.csv,5,0.3890495300292969
C:\Users\xan37\Downloads\tip_omega_50_Emax_120_IC4_mask2_248ms.csv,10,0.4544944763183594
C:\Users\xan37\Downloads\tip_omega_50_Emax_120_IC4_mask3_248ms.csv,0,0.038055419921875
C:\Users\xan37\Downloads\tip_omega_50_Emax_120_IC4_mask4_248ms.csv,7,0.29767608642578125
C:\Users\xan37\Downloads\tip_omega_50_Emax_120_IC4_mask5_248ms.csv,12,0.37328338623046875
C:\Users\xan37\Downloads\tip_omega_50_Emax_120_IC5_mask1_248ms.csv,5,0.6242446899414062
C:\Users\xan37\Downloads\tip_omega_50_Emax_120_IC5_mask2_248ms.csv,4,0.34192657470703125
C:\Users\xan37\Downloads\tip_omega_50_Emax_120_IC5_mask3_248ms.csv,9,0.333709716796875
C:\Users\xan37\Downloads\tip_omega_50_Emax_120_IC5_mask4_248ms.csv,8,0.49207305908203125
C:\Users\xan37\Downloads\tip_omega_50_Emax_120_IC5_mask5_248ms.csv,5,0.3260459899902344
C:\Users\xan37\Downloads\tip_omega_50_Emax_120_IC6_mask1_248ms.csv,0,0.0406646728515625
C:\Users\xan37\Downloads\tip_omega_50_Emax_120_IC6_mask2_248ms.csv,2,0.2302398681640625
C:\Users\xan37\Downloads\tip_omega_50_Emax_120_IC6_mask3_248ms.csv,1,0.2150115966796875
C:\Users\xan37\Downloads\tip_omega_50_Emax_120_IC6_mask4_248ms.csv,6,0.581787109375
C:\Users\xan37\Downloads\tip_omega_50_Emax_120_IC6_mask5_248ms.csv,7,0.6062393188476562
C:\Users\xan37\Downloads\tip_omega_50_Emax_120_IC7_mask1_248ms.csv,4,0.39743804931640625
C:\Users\xan37\Downloads\tip_omega_50_Emax_120_IC7_mask2_248ms.csv,8,0.3614692687988281
C:\Users\xan37\Downloads\tip_omega_50_Emax_120_IC7_mask3_248ms.csv,4,0.3001518249511719
C:\Users\xan37\Downloads\tip_omega_50_Emax_120_IC7_mask4_248ms.csv,5,0.11687850952148438
C:\Users\xan37\Downloads\tip_omega_50_Emax_120_IC7_mask5_248ms.csv,12,0.5302810668945312
C:\Users\xan37\Downloads\tip_omega_50_Emax_120_IC8_mask1_248ms.csv,3,0.2556610107421875
C:\Users\xan37\Downloads\tip_omega_50_Emax_120_IC8_mask2_248ms.csv,7,0.5324554443359375
C:\Users\xan37\Downloads\tip_omega_50_Emax_120_IC8_mask3_248ms.csv,3,0.48191070556640625
C:\Users\xan37\Downloads\tip_omega_50_Emax_120_IC8_mask4_248ms.csv,10,0.297515869140625
C:\Users\xan37\Downloads\tip_omega_50_Emax_120_IC8_mask5_248ms.csv,0,0.04535675048828125
C:\Users\xan37\Downloads\tip_omega_100_Emax_120_IC1_mask1_248ms.csv,6,0.4753074645996094
C:\Users\xan37\Downloads\tip_omega_100_Emax_120_IC1_mask2_248ms.csv,3,0.340789794921875
C:\Users\xan37\Downloads\tip_omega_100_Emax_120_IC1_mask3_248ms.csv,3,0.5426902770996094
C:\Users\xan37\Downloads\tip_omega_100_Emax_120_IC1_mask4_248ms.csv,3,0.5192070007324219
C:\Users\xan37\Downloads\tip_omega_100_Emax_120_IC1_mask5_248ms.csv,2,0.6631240844726562
C:\Users\xan37\Downloads\tip_omega_100_Emax_120_IC2_mask1_248ms.csv,8,0.49371337890625
C:\Users\xan37\Downloads\tip_omega_100_Emax_120_IC2_mask2_248ms.csv,15,0.457977294921875
C:\Users\xan37\Downloads\tip_omega_100_Emax_120_IC2_mask3_248ms.csv,7,0.6286849975585938
C:\Users\xan37\Downloads\tip_omega_100_Emax_120_IC2_mask4_248ms.csv,14,0.6361198425292969
C:\Users\xan37\Downloads\tip_omega_100_Emax_120_IC2_mask5_248ms.csv,13,0.5300178527832031
C:\Users\xan37\Downloads\tip_omega_100_Emax_120_IC3_mask1_248ms.csv,9,0.5388259887695312
C:\Users\xan37\Downloads\tip_omega_100_Emax_120_IC3_mask2_248ms.csv,9,0.6535682678222656
C:\Users\xan37\Downloads\tip_omega_100_Emax_120_IC3_mask3_248ms.csv,7,0.6238136291503906
C:\Users\xan37\Downloads\tip_omega_100_Emax_120_IC3_mask4_248ms.csv,3,0.4239158630371094
C:\Users\xan37\Downloads\tip_omega_100_Emax_120_IC3_mask5_248ms.csv,8,0.5714797973632812
C:\Users\xan37\Downloads\tip_omega_100_Emax_120_IC4_mask1_248ms.csv,6,0.32228851318359375
C:\Users\xan37\Downloads\tip_omega_100_Emax_120_IC4_mask2_248ms.csv,10,0.3658294677734375
C:\Users\xan37\Downloads\tip_omega_100_Emax_120_IC4_mask3_248ms.csv,10,0.5762519836425781
C:\Users\xan37\Downloads\tip_omega_100_Emax_120_IC4_mask4_248ms.csv,7,0.28777313232421875
C:\Users\xan37\Downloads\tip_omega_100_Emax_120_IC4_mask5_248ms.csv,11,0.357208251953125
C:\Users\xan37\Downloads\tip_omega_100_Emax_120_IC5_mask1_248ms.csv,2,0.48699951171875
C:\Users\xan37\Downloads\tip_omega_100_Emax_120_IC5_mask2_248ms.csv,4,0.2967720031738281
C:\Users\xan37\Downloads\tip_omega_100_Emax_120_IC5_mask3_248ms.csv,2,0.2664299011230469
C:\Users\xan37\Downloads\tip_omega_100_Emax_120_IC5_mask4_248ms.csv,7,0.4319000244140625
C:\Users\xan37\Downloads\tip_omega_100_Emax_120_IC5_mask5_248ms.csv,4,0.38785552978515625
C:\Users\xan37\Downloads\tip_omega_100_Emax_120_IC6_mask1_248ms.csv,10,0.6545143127441406
C:\Users\xan37\Downloads\tip_omega_100_Emax_120_IC6_mask2_248ms.csv,2,0.23806381225585938
C:\Users\xan37\Downloads\tip_omega_100_Emax_120_IC6_mask3_248ms.csv,6,0.5590095520019531
C:\Users\xan37\Downloads\tip_omega_100_Emax_120_IC6_mask4_248ms.csv,10,0.6447486877441406
C:\Users\xan37\Downloads\tip_omega_100_Emax_120_IC6_mask5_248ms.csv,6,0.4397392272949219
C:\Users\xan37\Downloads\tip_omega_100_Emax_120_IC7_mask1_248ms.csv,3,0.40813446044921875
C:\Users\xan37\Downloads\tip_omega_100_Emax_120_IC7_mask2_248ms.csv,3,0.11443710327148438
C:\Users\xan37\Downloads\tip_omega_100_Emax_120_IC7_mask3_248ms.csv,11,0.48896026611328125
C:\Users\xan37\Downloads\tip_omega_100_Emax_120_IC7_mask4_248ms.csv,5,0.3958778381347656
C:\Users\xan37\Downloads\tip_omega_100_Emax_120_IC7_mask5_248ms.csv,6,0.5950164794921875
C:\Users\xan37\Downloads\tip_omega_100_Emax_120_IC8_mask1_248ms.csv,5,0.2945098876953125
C:\Users\xan37\Downloads\tip_omega_100_Emax_120_IC8_mask2_248ms.csv,7,0.5318031311035156
C:\Users\xan37\Downloads\tip_omega_100_Emax_120_IC8_mask3_248ms.csv,4,0.19239044189453125
C:\Users\xan37\Downloads\tip_omega_100_Emax_120_IC8_mask4_248ms.csv,8,0.2952156066894531
C:\Users\xan37\Downloads\tip_omega_100_Emax_120_IC8_mask5_248ms.csv,0,0.050075531005859375
C:\Users\xan37\Downloads\tip_omega_0_Emax_160_IC1_mask1_248ms.csv,13,0.6156845092773438
C:\Users\xan37\Downloads\tip_omega_0_Emax_160_IC1_mask2_248ms.csv,0,0.047954559326171875
C:\Users\xan37\Downloads\tip_omega_0_Emax_160_IC1_mask3_248ms.csv,10,0.6264152526855469
C:\Users\xan37\Downloads\tip_omega_0_Emax_160_IC1_mask4_248ms.csv,6,0.6507225036621094
C:\Users\xan37\Downloads\tip_omega_0_Emax_160_IC1_mask5_248ms.csv,3,0.3980865478515625
C:\Users\xan37\Downloads\tip_omega_0_Emax_160_IC2_mask1_248ms.csv,10,0.5002784729003906
C:\Users\xan37\Downloads\tip_omega_0_Emax_160_IC2_mask2_248ms.csv,2,0.11618423461914062
C:\Users\xan37\Downloads\tip_omega_0_Emax_160_IC2_mask3_248ms.csv,6,0.5554885864257812
C:\Users\xan37\Downloads\tip_omega_0_Emax_160_IC2_mask4_248ms.csv,13,0.4743232727050781
C:\Users\xan37\Downloads\tip_omega_0_Emax_160_IC2_mask5_248ms.csv,12,0.49308013916015625
C:\Users\xan37\Downloads\tip_omega_0_Emax_160_IC3_mask1_248ms.csv,2,0.19505691528320312
C:\Users\xan37\Downloads\tip_omega_0_Emax_160_IC3_mask2_248ms.csv,8,0.5294151306152344
C:\Users\xan37\Downloads\tip_omega_0_Emax_160_IC3_mask3_248ms.csv,11,0.5822257995605469
C:\Users\xan37\Downloads\tip_omega_0_Emax_160_IC3_mask4_248ms.csv,6,0.4273109436035156
C:\Users\xan37\Downloads\tip_omega_0_Emax_160_IC3_mask5_248ms.csv,4,0.23728179931640625
C:\Users\xan37\Downloads\tip_omega_0_Emax_160_IC4_mask1_248ms.csv,10,0.5335426330566406
C:\Users\xan37\Downloads\tip_omega_0_Emax_160_IC4_mask2_248ms.csv,11,0.5219383239746094
C:\Users\xan37\Downloads\tip_omega_0_Emax_160_IC4_mask3_248ms.csv,0,0.051334381103515625
C:\Users\xan37\Downloads\tip_omega_0_Emax_160_IC4_mask4_248ms.csv,0,0.05030059814453125
C:\Users\xan37\Downloads\tip_omega_0_Emax_160_IC4_mask5_248ms.csv,9,0.34479522705078125
C:\Users\xan37\Downloads\tip_omega_0_Emax_160_IC5_mask1_248ms.csv,6,0.5135574340820312
C:\Users\xan37\Downloads\tip_omega_0_Emax_160_IC5_mask2_248ms.csv,8,0.5228118896484375
C:\Users\xan37\Downloads\tip_omega_0_Emax_160_IC5_mask3_248ms.csv,10,0.5959281921386719
C:\Users\xan37\Downloads\tip_omega_0_Emax_160_IC5_mask4_248ms.csv,6,0.5191421508789062
C:\Users\xan37\Downloads\tip_omega_0_Emax_160_IC5_mask5_248ms.csv,7,0.5378875732421875
C:\Users\xan37\Downloads\tip_omega_0_Emax_160_IC6_mask1_248ms.csv,7,0.33142852783203125
C:\Users\xan37\Downloads\tip_omega_0_Emax_160_IC6_mask2_248ms.csv,3,0.1003265380859375
C:\Users\xan37\Downloads\tip_omega_0_Emax_160_IC6_mask3_248ms.csv,6,0.4728507995605469
C:\Users\xan37\Downloads\tip_omega_0_Emax_160_IC6_mask4_248ms.csv,6,0.3173637390136719
C:\Users\xan37\Downloads\tip_omega_0_Emax_160_IC6_mask5_248ms.csv,4,0.23650741577148438
C:\Users\xan37\Downloads\tip_omega_0_Emax_160_IC7_mask1_248ms.csv,7,0.4811286926269531
C:\Users\xan37\Downloads\tip_omega_0_Emax_160_IC7_mask2_248ms.csv,5,0.4447021484375
C:\Users\xan37\Downloads\tip_omega_0_Emax_160_IC7_mask3_248ms.csv,6,0.4134178161621094
C:\Users\xan37\Downloads\tip_omega_0_Emax_160_IC7_mask4_248ms.csv,6,0.3873748779296875
C:\Users\xan37\Downloads\tip_omega_0_Emax_160_IC7_mask5_248ms.csv,2,0.17121505737304688
C:\Users\xan37\Downloads\tip_omega_0_Emax_160_IC8_mask1_248ms.csv,6,0.35111236572265625
C:\Users\xan37\Downloads\tip_omega_0_Emax_160_IC8_mask2_248ms.csv,7,0.4352684020996094
C:\Users\xan37\Downloads\tip_omega_0_Emax_160_IC8_mask3_248ms.csv,6,0.5554847717285156
C:\Users\xan37\Downloads\tip_omega_0_Emax_160_IC8_mask4_248ms.csv,13,0.5014114379882812
C:\Users\xan37\Downloads\tip_omega_0_Emax_160_IC8_mask5_248ms.csv,0,0.09316635131835938
C:\Users\xan37\Downloads\tip_omega_50_Emax_160_IC1_mask1_248ms.csv,9,0.6080970764160156
C:\Users\xan37\Downloads\tip_omega_50_Emax_160_IC1_mask2_248ms.csv,0,0.042491912841796875
C:\Users\xan37\Downloads\tip_omega_50_Emax_160_IC1_mask3_248ms.csv,5,0.516998291015625
C:\Users\xan37\Downloads\tip_omega_50_Emax_160_IC1_mask4_248ms.csv,6,0.6286659240722656
C:\Users\xan37\Downloads\tip_omega_50_Emax_160_IC1_mask5_248ms.csv,0,0.03755950927734375
C:\Users\xan37\Downloads\tip_omega_50_Emax_160_IC2_mask1_248ms.csv,9,0.48626708984375
C:\Users\xan37\Downloads\tip_omega_50_Emax_160_IC2_mask2_248ms.csv,3,0.13455963134765625
C:\Users\xan37\Downloads\tip_omega_50_Emax_160_IC2_mask3_248ms.csv,9,0.5298690795898438
C:\Users\xan37\Downloads\tip_omega_50_Emax_160_IC2_mask4_248ms.csv,10,0.46079254150390625
C:\Users\xan37\Downloads\tip_omega_50_Emax_160_IC2_mask5_248ms.csv,16,0.5553817749023438
C:\Users\xan37\Downloads\tip_omega_50_Emax_160_IC3_mask1_248ms.csv,4,0.3864173889160156
C:\Users\xan37\Downloads\tip_omega_50_Emax_160_IC3_mask2_248ms.csv,10,0.436309814453125
C:\Users\xan37\Downloads\tip_omega_50_Emax_160_IC3_mask3_248ms.csv,5,0.553436279296875
C:\Users\xan37\Downloads\tip_omega_50_Emax_160_IC3_mask4_248ms.csv,4,0.4243278503417969
C:\Users\xan37\Downloads\tip_omega_50_Emax_160_IC3_mask5_248ms.csv,3,0.2662925720214844
C:\Users\xan37\Downloads\tip_omega_50_Emax_160_IC4_mask1_248ms.csv,8,0.4605674743652344
C:\Users\xan37\Downloads\tip_omega_50_Emax_160_IC4_mask2_248ms.csv,0,0.060352325439453125
C:\Users\xan37\Downloads\tip_omega_50_Emax_160_IC4_mask3_248ms.csv,0,0.047229766845703125
C:\Users\xan37\Downloads\tip_omega_50_Emax_160_IC4_mask4_248ms.csv,0,0.045787811279296875
C:\Users\xan37\Downloads\tip_omega_50_Emax_160_IC4_mask5_248ms.csv,10,0.3451118469238281
C:\Users\xan37\Downloads\tip_omega_50_Emax_160_IC5_mask1_248ms.csv,3,0.2788658142089844
C:\Users\xan37\Downloads\tip_omega_50_Emax_160_IC5_mask2_248ms.csv,1,0.15814208984375
C:\Users\xan37\Downloads\tip_omega_50_Emax_160_IC5_mask3_248ms.csv,10,0.5888099670410156
C:\Users\xan37\Downloads\tip_omega_50_Emax_160_IC5_mask4_248ms.csv,4,0.24334716796875
C:\Users\xan37\Downloads\tip_omega_50_Emax_160_IC5_mask5_248ms.csv,6,0.3614044189453125
C:\Users\xan37\Downloads\tip_omega_50_Emax_160_IC6_mask1_248ms.csv,6,0.3164939880371094
C:\Users\xan37\Downloads\tip_omega_50_Emax_160_IC6_mask2_248ms.csv,2,0.23777389526367188
C:\Users\xan37\Downloads\tip_omega_50_Emax_160_IC6_mask3_248ms.csv,7,0.442352294921875
C:\Users\xan37\Downloads\tip_omega_50_Emax_160_IC6_mask4_248ms.csv,8,0.5434532165527344
C:\Users\xan37\Downloads\tip_omega_50_Emax_160_IC6_mask5_248ms.csv,4,0.3319854736328125
C:\Users\xan37\Downloads\tip_omega_50_Emax_160_IC7_mask1_248ms.csv,7,0.5961647033691406
C:\Users\xan37\Downloads\tip_omega_50_Emax_160_IC7_mask2_248ms.csv,0,0.052825927734375
C:\Users\xan37\Downloads\tip_omega_50_Emax_160_IC7_mask3_248ms.csv,9,0.5689201354980469
C:\Users\xan37\Downloads\tip_omega_50_Emax_160_IC7_mask4_248ms.csv,6,0.4276695251464844
C:\Users\xan37\Downloads\tip_omega_50_Emax_160_IC7_mask5_248ms.csv,10,0.5943260192871094
C:\Users\xan37\Downloads\tip_omega_50_Emax_160_IC8_mask1_248ms.csv,0,0.0787506103515625
C:\Users\xan37\Downloads\tip_omega_50_Emax_160_IC8_mask2_248ms.csv,0,0.10107803344726562
C:\Users\xan37\Downloads\tip_omega_50_Emax_160_IC8_mask3_248ms.csv,4,0.463409423828125
C:\Users\xan37\Downloads\tip_omega_50_Emax_160_IC8_mask4_248ms.csv,13,0.5489730834960938
C:\Users\xan37\Downloads\tip_omega_50_Emax_160_IC8_mask5_248ms.csv,0,0.07380294799804688
C:\Users\xan37\Downloads\tip_omega_100_Emax_160_IC1_mask1_248ms.csv,6,0.3690071105957031
C:\Users\xan37\Downloads\tip_omega_100_Emax_160_IC1_mask2_248ms.csv,5,0.2955169677734375
C:\Users\xan37\Downloads\tip_omega_100_Emax_160_IC1_mask3_248ms.csv,0,0.03928375244140625
C:\Users\xan37\Downloads\tip_omega_100_Emax_160_IC1_mask4_248ms.csv,5,0.5527153015136719
C:\Users\xan37\Downloads\tip_omega_100_Emax_160_IC1_mask5_248ms.csv,4,0.6214866638183594
C:\Users\xan37\Downloads\tip_omega_100_Emax_160_IC2_mask1_248ms.csv,18,0.4921760559082031
C:\Users\xan37\Downloads\tip_omega_100_Emax_160_IC2_mask2_248ms.csv,3,0.14544677734375
C:\Users\xan37\Downloads\tip_omega_100_Emax_160_IC2_mask3_248ms.csv,8,0.47339630126953125
C:\Users\xan37\Downloads\tip_omega_100_Emax_160_IC2_mask4_248ms.csv,10,0.6130905151367188
C:\Users\xan37\Downloads\tip_omega_100_Emax_160_IC2_mask5_248ms.csv,15,0.5191078186035156
C:\Users\xan37\Downloads\tip_omega_100_Emax_160_IC3_mask1_248ms.csv,4,0.15129470825195312
C:\Users\xan37\Downloads\tip_omega_100_Emax_160_IC3_mask2_248ms.csv,1,0.12926864624023438
C:\Users\xan37\Downloads\tip_omega_100_Emax_160_IC3_mask3_248ms.csv,0,0.0395355224609375
C:\Users\xan37\Downloads\tip_omega_100_Emax_160_IC3_mask4_248ms.csv,0,0.047336578369140625
C:\Users\xan37\Downloads\tip_omega_100_Emax_160_IC3_mask5_248ms.csv,11,0.5239486694335938
C:\Users\xan37\Downloads\tip_omega_100_Emax_160_IC4_mask1_248ms.csv,4,0.27248382568359375
C:\Users\xan37\Downloads\tip_omega_100_Emax_160_IC4_mask2_248ms.csv,10,0.4273872375488281
C:\Users\xan37\Downloads\tip_omega_100_Emax_160_IC4_mask3_248ms.csv,11,0.6279296875
C:\Users\xan37\Downloads\tip_omega_100_Emax_160_IC4_mask4_248ms.csv,13,0.4323692321777344
C:\Users\xan37\Downloads\tip_omega_100_Emax_160_IC4_mask5_248ms.csv,11,0.31917572021484375
C:\Users\xan37\Downloads\tip_omega_100_Emax_160_IC5_mask1_248ms.csv,1,0.312164306640625
C:\Users\xan37\Downloads\tip_omega_100_Emax_160_IC5_mask2_248ms.csv,2,0.17067337036132812
C:\Users\xan37\Downloads\tip_omega_100_Emax_160_IC5_mask3_248ms.csv,3,0.19778060913085938
C:\Users\xan37\Downloads\tip_omega_100_Emax_160_IC5_mask4_248ms.csv,3,0.22873687744140625
C:\Users\xan37\Downloads\tip_omega_100_Emax_160_IC5_mask5_248ms.csv,6,0.5680313110351562
C:\Users\xan37\Downloads\tip_omega_100_Emax_160_IC6_mask1_248ms.csv,12,0.610809326171875
C:\Users\xan37\Downloads\tip_omega_100_Emax_160_IC6_mask2_248ms.csv,12,0.6076278686523438
C:\Users\xan37\Downloads\tip_omega_100_Emax_160_IC6_mask3_248ms.csv,4,0.6735076904296875
C:\Users\xan37\Downloads\tip_omega_100_Emax_160_IC6_mask4_248ms.csv,7,0.6116294860839844
C:\Users\xan37\Downloads\tip_omega_100_Emax_160_IC6_mask5_248ms.csv,5,0.6303443908691406
C:\Users\xan37\Downloads\tip_omega_100_Emax_160_IC7_mask1_248ms.csv,7,0.5340919494628906
C:\Users\xan37\Downloads\tip_omega_100_Emax_160_IC7_mask2_248ms.csv,2,0.13979721069335938
C:\Users\xan37\Downloads\tip_omega_100_Emax_160_IC7_mask3_248ms.csv,11,0.5718879699707031
C:\Users\xan37\Downloads\tip_omega_100_Emax_160_IC7_mask4_248ms.csv,7,0.4595146179199219
C:\Users\xan37\Downloads\tip_omega_100_Emax_160_IC7_mask5_248ms.csv,4,0.450347900390625
C:\Users\xan37\Downloads\tip_omega_100_Emax_160_IC8_mask1_248ms.csv,6,0.25228118896484375
C:\Users\xan37\Downloads\tip_omega_100_Emax_160_IC8_mask2_248ms.csv,13,0.6058158874511719
C:\Users\xan37\Downloads\tip_omega_100_Emax_160_IC8_mask3_248ms.csv,12,0.4492034912109375
C:\Users\xan37\Downloads\tip_omega_100_Emax_160_IC8_mask4_248ms.csv,13,0.4504051208496094
C:\Users\xan37\Downloads\tip_omega_100_Emax_160_IC8_mask5_248ms.csv,0,0.06921768188476562
C:\Users\xan37\Downloads\tip_omega_100_Emax_120_IC3_mask3_248ms.csv,13,0.6394996643066406
